Player,Salary,season,Player_clean
Stephen Curry,48070014.0,2022-23,stephen curry
John Wall,47345760.0,2022-23,john wall
Russell Westbrook,47080179.0,2022-23,russell westbrook
LeBron James,44474988.0,2022-23,lebron james
Kevin Durant,44119845.0,2022-23,kevin durant
Bradley Beal,43279250.0,2022-23,bradley beal
Damian Lillard,42492492.0,2022-23,damian lillard
Giannis Antetokounmpo,42492492.0,2022-23,giannis antetokounmpo
Paul George,42492492.0,2022-23,paul george
Kawhi Leonard,42492492.0,2022-23,kawhi leonard
Klay Thompson,40600080.0,2022-23,klay thompson
Kyrie Irving,38917057.0,2022-23,kyrie irving
Rudy Gobert,38172414.0,2022-23,rudy gobert
Khris Middleton,37984276.0,2022-23,khris middleton
Anthony Davis,37980720.0,2022-23,anthony davis
Jimmy Butler,37653300.0,2022-23,jimmy butler
Tobias Harris,37633050.0,2022-23,tobias harris
Kemba Walker,37281261.0,2022-23,kemba walker
Luka Doncic,37096500.0,2022-23,luka doncic
Zach LaVine,37096500.0,2022-23,zach lavine
Trae Young,37096500.0,2022-23,trae young
Pascal Siakam,35448672.0,2022-23,pascal siakam
Ben Simmons,35448672.0,2022-23,ben simmons
Myles Turner,35096500.0,2022-23,myles turner
Jrue Holiday,34319520.0,2022-23,jrue holiday
Kristaps Porzingis,33833400.0,2022-23,kristaps porzingis
Devin Booker,33833400.0,2022-23,devin booker
Karl-Anthony Towns,33833400.0,2022-23,karl-anthony towns
Joel Embiid,33616770.0,2022-23,joel embiid
Andrew Wiggins,33616770.0,2022-23,andrew wiggins
CJ McCollum,33333333.0,2022-23,cj mccollum
Nikola Jokic,33047803.0,2022-23,nikola jokic
James Harden,33000000.0,2022-23,james harden
Brandon Ingram,31650600.0,2022-23,brandon ingram
Jamal Murray,31650600.0,2022-23,jamal murray
D'Angelo Russell,31377750.0,2022-23,d'angelo russell
Deandre Ayton,30913750.0,2022-23,deandre ayton
Shai Gilgeous-Alexander,30913750.0,2022-23,shai gilgeous-alexander
Michael Porter,30913750.0,2022-23,michael porter
Donovan Mitchell,30913750.0,2022-23,donovan mitchell
Kevin Love,30556968.0,2022-23,kevin love
De'Aaron Fox,30351780.0,2022-23,de'aaron fox
Bam Adebayo,30351780.0,2022-23,bam adebayo
Jayson Tatum,30351780.0,2022-23,jayson tatum
Gordon Hayward,30075000.0,2022-23,gordon hayward
Jaylen Brown,29776785.0,2022-23,jaylen brown
Jaren Jackson Jr,28946605.0,2022-23,jaren jackson jr
Chris Paul,28400000.0,2022-23,chris paul
Kyle Lowry,28333334.0,2022-23,kyle lowry
Jalen Brunson,27733332.0,2022-23,jalen brunson
DeMar DeRozan,27300000.0,2022-23,demar derozan
Al Horford,26500000.0,2022-23,al horford
Draymond Green,25806468.0,2022-23,draymond green
Julius Randle,23760000.0,2022-23,julius randle
John Collins,23500000.0,2022-23,john collins
Mike Conley,22680000.0,2022-23,mike conley
Malcolm Brogdon,22600000.0,2022-23,malcolm brogdon
Anfernee Simons,22321429.0,2022-23,anfernee simons
Nikola Vucevic,22000000.0,2022-23,nikola vucevic
Terry Rozier,21486316.0,2022-23,terry rozier
Fred VanVleet,21250000.0,2022-23,fred vanvleet
Buddy Hield,21177750.0,2022-23,buddy hield
Domantas Sabonis,21100000.0,2022-23,domantas sabonis
Jerami Grant,20955000.0,2022-23,jerami grant
Aaron Gordon,20690909.0,2022-23,aaron gordon
Mikal Bridges,20100000.0,2022-23,mikal bridges
Jarrett Allen,20000000.0,2022-23,jarrett allen
Nicolas Batum,19700319.0,2022-23,nicolas batum
Tim Hardaway Jr,19602273.0,2022-23,tim hardaway jr
Eric Gordon,19568360.0,2022-23,eric gordon
Bojan Bogdanovic,19550000.0,2022-23,bojan bogdanovic
Lonzo Ball,19534884.0,2022-23,lonzo ball
Spencer Dinwiddie,19500000.0,2022-23,spencer dinwiddie
Danilo Gallinari,19479000.0,2022-23,danilo gallinari
Caris LeVert,18796296.0,2022-23,caris levert
Joe Harris,18642857.0,2022-23,joe harris
Harrison Barnes,18352273.0,2022-23,harrison barnes
Clint Capela,18206896.0,2022-23,clint capela
Evan Fournier,18000000.0,2022-23,evan fournier
Bogdan Bogdanovic,18000000.0,2022-23,bogdan bogdanovic
Steven Adams,17926829.0,2022-23,steven adams
Jonathan Isaac,17400000.0,2022-23,jonathan isaac
OG Anunoby,17357143.0,2022-23,og anunoby
Gary Trent Jr,17280000.0,2022-23,gary trent jr
Marcus Smart,17207142.0,2022-23,marcus smart
Derrick White,17142857.0,2022-23,derrick white
Dejounte Murray,17071120.0,2022-23,dejounte murray
Mitchell Robinson,17045454.0,2022-23,mitchell robinson
Duncan Robinson,16902000.0,2022-23,duncan robinson
Norman Powell,16758621.0,2022-23,norman powell
Collin Sexton,16700000.0,2022-23,collin sexton
Markelle Fultz,16500000.0,2022-23,markelle fultz
Lauri Markkanen,16475454.0,2022-23,lauri markkanen
Marcus Morris,16372093.0,2022-23,marcus morris
Davis Bertans,16000000.0,2022-23,davis bertans
Jusuf Nurkic,15625000.0,2022-23,jusuf nurkic
Malik Beasley,15558035.0,2022-23,malik beasley
Luguentz Dort,15277778.0,2022-23,luguentz dort
Will Barton,15059712.0,2022-23,will barton
Tyus Jones,15000000.0,2022-23,tyus jones
Jonas Valanciunas,14700000.0,2022-23,jonas valanciunas
Derrick Rose,14520730.0,2022-23,derrick rose
Kevin Huerter,14508929.0,2022-23,kevin huerter
Christian Wood,14317459.0,2022-23,christian wood
Wendell Carter,14150000.0,2022-23,wendell carter
Kentavious Caldwell-Pope,14004703.0,2022-23,kentavious caldwell-pope
Brook Lopez,13906976.0,2022-23,brook lopez
Patrick Beverley,13801614.0,2022-23,patrick beverley
Doug McDermott,13750000.0,2022-23,doug mcdermott
Luke Kennard,13745455.0,2022-23,luke kennard
Zion Williamson,13534817.0,2022-23,zion williamson
Jordan Clarkson,13340000.0,2022-23,jordan clarkson
Kyle Kuzma,13000000.0,2022-23,kyle kuzma
Gary Harris,13000000.0,2022-23,gary harris
Josh Hart,12960000.0,2022-23,josh hart
Dorian Finney-Smith,12939848.0,2022-23,dorian finney-smith
Kelly Olynyk,12804878.0,2022-23,kelly olynyk
Chris Boucher,12690000.0,2022-23,chris boucher
Kelly Oubre,12600000.0,2022-23,kelly oubre
Marvin Bagley,12500000.0,2022-23,marvin bagley
Robert Covington,12307692.0,2022-23,robert covington
Josh Richardson,12196094.0,2022-23,josh richardson
Ja Morant,12119440.0,2022-23,ja morant
Danny Green,11710528.0,2022-23,danny green
Devonte Graham,11550000.0,2022-23,devonte graham
Terrence Ross,11500000.0,2022-23,terrence ross
Reggie Jackson,11457217.0,2022-23,reggie jackson
Dillon Brooks,11400000.0,2022-23,dillon brooks
Richaun Holmes,11215260.0,2022-23,richaun holmes
Dwight Powell,11080125.0,2022-23,dwight powell
Paolo Banchero,11055120.0,2022-23,paolo banchero
RJ Barrett,10900634.0,2022-23,rj barrett
Bobby Portis,10843350.0,2022-23,bobby portis
DeAndre Jordan,10733758.0,2022-23,deandre jordan
Anthony Edwards,10733400.0,2022-23,anthony edwards
Robert Williams,10714287.0,2022-23,robert williams
Cade Cunningham,10552800.0,2022-23,cade cunningham
PJ Tucker,10490000.0,2022-23,pj tucker
Derrick Favors,10350803.0,2022-23,derrick favors
Mo Bamba,10300000.0,2022-23,mo bamba
Talen Horton-Tucker,10260000.0,2022-23,talen horton-tucker
Jae Crowder,10183800.0,2022-23,jae crowder
Ivica Zubac,10123457.0,2022-23,ivica zubac
Alec Burks,10012800.0,2022-23,alec burks
Reggie Bullock,10012800.0,2022-23,reggie bullock
Chet Holmgren,9891240.0,2022-23,chet holmgren
De'Andre Hunter,9835881.0,2022-23,de'andre hunter
Larry Nance Jr,9672727.0,2022-23,larry nance jr
James Wiseman,9603360.0,2022-23,james wiseman
Landry Shamet,9500000.0,2022-23,landry shamet
Malik Monk,9472219.0,2022-23,malik monk
Jalen Green,9441840.0,2022-23,jalen green
Jakob Poeltl,9398148.0,2022-23,jakob poeltl
Nerlens Noel,9391069.0,2022-23,nerlens noel
Nicolas Claxton,9350000.0,2022-23,nicolas claxton
Dario Saric,9240000.0,2022-23,dario saric
Royce O'Neale,9200000.0,2022-23,royce o'neale
Monte Morris,9125000.0,2022-23,monte morris
Mason Plumlee,9080417.0,2022-23,mason plumlee
Alex Caruso,9030000.0,2022-23,alex caruso
Maxi Kleber,9000000.0,2022-23,maxi kleber
Grayson Allen,8925000.0,2022-23,grayson allen
Darius Garland,8920794.0,2022-23,darius garland
Jabari Smith,8882640.0,2022-23,jabari smith
Isaiah Hartenstein,8854879.0,2022-23,isaiah hartenstein
Kyle Anderson,8780488.0,2022-23,kyle anderson
Victor Oladipo,8750000.0,2022-23,victor oladipo
Daniel Theis,8694369.0,2022-23,daniel theis
LaMelo Ball,8623920.0,2022-23,lamelo ball
Seth Curry,8496653.0,2022-23,seth curry
Evan Mobley,8478720.0,2022-23,evan mobley
Gary Payton II,8300000.0,2022-23,gary payton ii
Dewayne Dedmon,8283688.0,2022-23,dewayne dedmon
De'Anthony Melton,8250000.0,2022-23,de'anthony melton
JaMychal Green,8200000.0,2022-23,jamychal green
TJ McConnell,8100000.0,2022-23,tj mcconnell
Keegan Murray,8008440.0,2022-23,keegan murray
Thaddeus Young,8000000.0,2022-23,thaddeus young
Kevon Looney,8000000.0,2022-23,kevon looney
Delon Wright,7804878.0,2022-23,delon wright
Patrick Williams,7775400.0,2022-23,patrick williams
Scottie Barnes,7644600.0,2022-23,scottie barnes
Cedi Osman,7426088.0,2022-23,cedi osman
Coby White,7413955.0,2022-23,coby white
Zach Collins,7350000.0,2022-23,zach collins
Jaden Ivey,7252200.0,2022-23,jaden ivey
Taurean Prince,7100000.0,2022-23,taurean prince
Jae'Sean Tate,7065217.0,2022-23,jae'sean tate
Isaac Okoro,7040880.0,2022-23,isaac okoro
Cody Martin,7000000.0,2022-23,cody martin
Jalen Suggs,6922320.0,2022-23,jalen suggs
Jaxson Hayes,6803012.0,2022-23,jaxson hayes
Khem Birch,6667500.0,2022-23,khem birch
Bennedict Mathurin,6586800.0,2022-23,bennedict mathurin
Joe Ingles,6479000.0,2022-23,joe ingles
Caleb Martin,6479000.0,2022-23,caleb martin
Lonnie Walker,6479000.0,2022-23,lonnie walker
Bruce Brown,6479000.0,2022-23,bruce brown
Patrick Mills,6479000.0,2022-23,patrick mills
Onyeka Okongwu,6395160.0,2022-23,onyeka okongwu
Josh Giddey,6287400.0,2022-23,josh giddey
Rui Hachimura,6263188.0,2022-23,rui hachimura
Rudy Gay,6184500.0,2022-23,rudy gay
Jevon Carter,6025000.0,2022-23,jevon carter
Shaedon Sharpe,6012960.0,2022-23,shaedon sharpe
Otto Porter,6000000.0,2022-23,otto porter
Cameron Payne,6000000.0,2022-23,cameron payne
Justin Holiday,5987975.0,2022-23,justin holiday
Cam Reddish,5954454.0,2022-23,cam reddish
Cameron Johnson,5887899.0,2022-23,cameron johnson
Ricky Rubio,5853659.0,2022-23,ricky rubio
Killian Hayes,5837760.0,2022-23,killian hayes
PJ Washington,5808435.0,2022-23,pj washington
Jonathan Kuminga,5739840.0,2022-23,jonathan kuminga
Pat Connaughton,5728393.0,2022-23,pat connaughton
Tyler Herro,5722116.0,2022-23,tyler herro
Romeo Langford,5634257.0,2022-23,romeo langford
Dyson Daniels,5508600.0,2022-23,dyson daniels
JaVale McGee,5461219.0,2022-23,javale mcgee
Goga Bitadze,5377520.0,2022-23,goga bitadze
Obi Toppin,5348280.0,2022-23,obi toppin
Franz Wagner,5258280.0,2022-23,franz wagner
Kendrick Nunn,5250000.0,2022-23,kendrick nunn
Hamidou Diallo,5200000.0,2022-23,hamidou diallo
Garrett Temple,5155500.0,2022-23,garrett temple
Cory Joseph,5155500.0,2022-23,cory joseph
Torrey Craig,5121951.0,2022-23,torrey craig
Jeremy Sochan,5063520.0,2022-23,jeremy sochan
David Nwaba,5022000.0,2022-23,david nwaba
Nickeil Alexander-Walker,5009633.0,2022-23,nickeil alexander-walker
Furkan Korkmaz,5000000.0,2022-23,furkan korkmaz
Deni Avdija,4916160.0,2022-23,deni avdija
Davion Mitchell,4833600.0,2022-23,davion mitchell
Johnny Davis,4810320.0,2022-23,johnny davis
Ty Jerome,4728948.0,2022-23,ty jerome
Ishmael Smith,4725000.0,2022-23,ishmael smith
Jalen Smith,4670160.0,2022-23,jalen smith
Ziaire Williams,4591680.0,2022-23,ziaire williams
Ousmane Dieng,4569840.0,2022-23,ousmane dieng
Moe Harkless,4564980.0,2022-23,moe harkless
Donte DiVincenzo,4500000.0,2022-23,donte divincenzo
Jeff Green,4500000.0,2022-23,jeff green
Devin Vassell,4437000.0,2022-23,devin vassell
Matisse Thybulle,4379526.0,2022-23,matisse thybulle
Jarred Vanderbilt,4374000.0,2022-23,jarred vanderbilt
James Bouknight,4362240.0,2022-23,james bouknight
Brandon Clarke,4343919.0,2022-23,brandon clarke
Jalen Williams,4341480.0,2022-23,jalen williams
Grant Williams,4306281.0,2022-23,grant williams
Darius Bazley,4264628.0,2022-23,darius bazley
Tyrese Haliburton,4215120.0,2022-23,tyrese haliburton
Nassir Little,4171548.0,2022-23,nassir little
Josh Primo,4144320.0,2022-23,josh primo
Jalen Duren,4124280.0,2022-23,jalen duren
Gorgui Dieng,4105236.0,2022-23,gorgui dieng
Danuel House,4105000.0,2022-23,danuel house
Boban Marjanovic,4101478.0,2022-23,boban marjanovic
Justise Winslow,4097561.0,2022-23,justise winslow
Dylan Windler,4037277.0,2022-23,dylan windler
Stanley Johnson,4022164.0,2022-23,stanley johnson
Kira Lewis,4004280.0,2022-23,kira lewis
Terence Davis,4000000.0,2022-23,terence davis
George Hill,4000000.0,2022-23,george hill
Chris Duarte,3936960.0,2022-23,chris duarte
Alex Len,3918600.0,2022-23,alex len
Ochai Agbaji,3918360.0,2022-23,ochai agbaji
Jordan Poole,3901399.0,2022-23,jordan poole
Keldon Johnson,3873024.0,2022-23,keldon johnson
Sviatoslav Mykhailiuk,3846895.0,2022-23,sviatoslav mykhailiuk
James Johnson,3841067.0,2022-23,james johnson
Aaron Nesmith,3804360.0,2022-23,aaron nesmith
Moses Moody,3740160.0,2022-23,moses moody
Mark Williams,3722040.0,2022-23,mark williams
Cole Anthony,3613680.0,2022-23,cole anthony
Corey Kispert,3552840.0,2022-23,corey kispert
AJ Griffin,3536160.0,2022-23,aj griffin
Goran Dragic,3523762.0,2022-23,goran dragic
Mike Muscala,3500000.0,2022-23,mike muscala
Georges Niang,3465000.0,2022-23,georges niang
Chuma Okeke,3433320.0,2022-23,chuma okeke
Isaiah Stewart,3433320.0,2022-23,isaiah stewart
Trey Burke,3423750.0,2022-23,trey burke
Amir Coffey,3395062.0,2022-23,amir coffey
Alperen Sengun,3375360.0,2022-23,alperen sengun
Tari Eason,3359160.0,2022-23,tari eason
Aleksej Pokusevski,3261480.0,2022-23,aleksej pokusevski
Kevin Porter,3217631.0,2022-23,kevin porter
Trey Murphy,3206520.0,2022-23,trey murphy
Simone Fontecchio,3205128.0,2022-23,simone fontecchio
Andre Drummond,3200000.0,2022-23,andre drummond
Derrick Jones,3200000.0,2022-23,derrick jones
Dalen Terry,3191400.0,2022-23,dalen terry
Sterling Brown,3122602.0,2022-23,sterling brown
Josh Green,3098400.0,2022-23,josh green
Jake LaRavia,3047640.0,2022-23,jake laravia
Tre Mann,3046200.0,2022-23,tre mann
Kevin Knox,3000000.0,2022-23,kevin knox
Saddiq Bey,2959080.0,2022-23,saddiq bey
Malaki Branham,2925600.0,2022-23,malaki branham
Joe Wieskamp,2909261.0,2022-23,joe wieskamp
Kai Jones,2909040.0,2022-23,kai jones
Taj Gibson,2905851.0,2022-23,taj gibson
Bismack Biyombo,2905851.0,2022-23,bismack biyombo
Austin Rivers,2905851.0,2022-23,austin rivers
Wesley Matthews,2905851.0,2022-23,wesley matthews
Udonis Haslem,2905851.0,2022-23,udonis haslem
Serge Ibaka,2905851.0,2022-23,serge ibaka
Andre Iguodala,2905851.0,2022-23,andre iguodala
Markieff Morris,2905851.0,2022-23,markieff morris
Robin Lopez,2905851.0,2022-23,robin lopez
Blake Griffin,2905851.0,2022-23,blake griffin
RJ Hampton,2898243.0,2022-23,rj hampton
Andrew Nicholson,2844429.0,2022-23,andrew nicholson
Precious Achiuwa,2840160.0,2022-23,precious achiuwa
Christian Braun,2808600.0,2022-23,christian braun
Jordan Nwora,2800000.0,2022-23,jordan nwora
Jalen Johnson,2792640.0,2022-23,jalen johnson
Tyrese Maxey,2726880.0,2022-23,tyrese maxey
Bruno Fernando,2717391.0,2022-23,bruno fernando
Walker Kessler,2696400.0,2022-23,walker kessler
Keon Johnson,2681040.0,2022-23,keon johnson
Charles Bassey,2674742.0,2022-23,charles bassey
Dennis Schroeder,2641682.0,2022-23,dennis schroeder
Matthew Dellavedova,2628597.0,2022-23,matthew dellavedova
TJ Warren,2628597.0,2022-23,tj warren
Trey Lyles,2625000.0,2022-23,trey lyles
Zeke Nnaji,2617800.0,2022-23,zeke nnaji
David Roddy,2588640.0,2022-23,david roddy
Isaiah Jackson,2573760.0,2022-23,isaiah jackson
MarJon Beauchamp,2485200.0,2022-23,marjon beauchamp
Usman Garuba,2471160.0,2022-23,usman garuba
Montrezl Harrell,2463490.0,2022-23,montrezl harrell
Frank Kaminsky,2463490.0,2022-23,frank kaminsky
Raul Neto,2463490.0,2022-23,raul neto
Willy Hernangomez,2443581.0,2022-23,willy hernangomez
Theo Maledon,2408891.0,2022-23,theo maledon
Blake Wesley,2385480.0,2022-23,blake wesley
Josh Christopher,2372160.0,2022-23,josh christopher
Isaiah Roby,2330681.0,2022-23,isaiah roby
Lindy Waters III,2316876.0,2022-23,lindy waters iii
Immanuel Quickley,2316240.0,2022-23,immanuel quickley
Wendell Moore,2306520.0,2022-23,wendell moore
John Konchar,2300000.0,2022-23,john konchar
Damian Jones,2298385.0,2022-23,damian jones
Juan Hernangomez,2298385.0,2022-23,juan hernangomez
Bryn Forbes,2298385.0,2022-23,bryn forbes
Rodney McGruder,2298385.0,2022-23,rodney mcgruder
Quentin Grimes,2277000.0,2022-23,quentin grimes
Saben Lee,2266640.0,2022-23,saben lee
Andrew Nembhard,2244111.0,2022-23,andrew nembhard
Nikola Jovic,2239920.0,2022-23,nikola jovic
Payton Pritchard,2239200.0,2022-23,payton pritchard
Vlatko Cancar,2234359.0,2022-23,vlatko cancar
Patrick Baldwin,2226000.0,2022-23,patrick baldwin
TyTy Washington,2210040.0,2022-23,tyty washington
Bones Hyland,2201520.0,2022-23,bones hyland
Bol Bol,2200000.0,2022-23,bol bol
Peyton Watson,2193960.0,2022-23,peyton watson
Marquese Chriss,2193920.0,2022-23,marquese chriss
Udoka Azubuike,2174880.0,2022-23,udoka azubuike
Jaden McDaniels,2161440.0,2022-23,jaden mcdaniels
Jordan McLaughlin,2160000.0,2022-23,jordan mclaughlin
Malachi Flynn,2145720.0,2022-23,malachi flynn
Cam Thomas,2138160.0,2022-23,cam thomas
Juan Toscano-Anderson,2133278.0,2022-23,juan toscano-anderson
Damion Lee,2133278.0,2022-23,damion lee
Dennis Smith,2133278.0,2022-23,dennis smith
Luke Kornet,2133278.0,2022-23,luke kornet
Desmond Bane,2130240.0,2022-23,desmond bane
Jaden Springer,2125200.0,2022-23,jaden springer
Day'Ron Sharpe,2109480.0,2022-23,day'ron sharpe
Santiago Aldama,2094120.0,2022-23,santiago aldama
Frank Ntilikina,2036318.0,2022-23,frank ntilikina
Tony Bradley,2036318.0,2022-23,tony bradley
Caleb Houstan,2000000.0,2022-23,caleb houstan
Jeremiah Robinson-Earl,2000000.0,2022-23,jeremiah robinson-earl
Jaylin Williams,2000000.0,2022-23,jaylin williams
Kenrich Williams,2000000.0,2022-23,kenrich williams
Garrison Mathews,2000000.0,2022-23,garrison mathews
Shake Milton,1997718.0,2022-23,shake milton
Drew Eubanks,1968175.0,2022-23,drew eubanks
Josh Okogie,1968175.0,2022-23,josh okogie
Troy Brown,1968175.0,2022-23,troy brown
Thomas Bryant,1968175.0,2022-23,thomas bryant
Theo Pinson,1968175.0,2022-23,theo pinson
Edmond Sumner,1968175.0,2022-23,edmond sumner
Yuta Watanabe,1968175.0,2022-23,yuta watanabe
Aaron Holiday,1968175.0,2022-23,aaron holiday
Daniel Gafford,1930681.0,2022-23,daniel gafford
Jalen McDaniels,1930681.0,2022-23,jalen mcdaniels
Naz Reid,1930681.0,2022-23,naz reid
Jaylen Nowell,1930681.0,2022-23,jaylen nowell
Terance Mann,1930681.0,2022-23,terance mann
Dean Wade,1930681.0,2022-23,dean wade
Chimezie Metu,1910860.0,2022-23,chimezie metu
KZ Okpala,1902133.0,2022-23,kz okpala
Davon Reed,1902133.0,2022-23,davon reed
Killian Tillie,1901625.0,2022-23,killian tillie
Vernon Carey,1882621.0,2022-23,vernon carey
Keita Bates-Diop,1878720.0,2022-23,keita bates-diop
Moritz Wagner,1878720.0,2022-23,moritz wagner
Thanasis Antetokounmpo,1878720.0,2022-23,thanasis antetokounmpo
Wenyen Gabriel,1878720.0,2022-23,wenyen gabriel
Oshae Brissett,1846738.0,2022-23,oshae brissett
Anthony Gill,1836090.0,2022-23,anthony gill
Ryan Arcidiacono,1836090.0,2022-23,ryan arcidiacono
Isaiah Joe,1836090.0,2022-23,isaiah joe
Justin Jackson,1836090.0,2022-23,justin jackson
Nathan Knight,1836090.0,2022-23,nathan knight
Max Strus,1815677.0,2022-23,max strus
Gabe Vincent,1815677.0,2022-23,gabe vincent
Javonte Green,1815677.0,2022-23,javonte green
Herb Jones,1785000.0,2022-23,herb jones
Tre Jones,1782621.0,2022-23,tre jones
Paul Reed,1782621.0,2022-23,paul reed
Naji Marshall,1782621.0,2022-23,naji marshall
Xavier Tillman,1782621.0,2022-23,xavier tillman
KJ Martin,1782621.0,2022-23,kj martin
Tyrell Terry,1782621.0,2022-23,tyrell terry
Lamar Stevens,1782621.0,2022-23,lamar stevens
Nick Richards,1782621.0,2022-23,nick richards
Omer Yurtseven,1752638.0,2022-23,omer yurtseven
Haywood Highsmith,1752638.0,2022-23,haywood highsmith
Leandro Bolmaro,1709300.0,2022-23,leandro bolmaro
Terry Taylor,1703902.0,2022-23,terry taylor
Jared Butler,1674655.0,2022-23,jared butler
Jericho Sims,1639842.0,2022-23,jericho sims
Kessler Edwards,1637966.0,2022-23,kessler edwards
Sam Hauser,1637966.0,2022-23,sam hauser
Isaiah Todd,1575000.0,2022-23,isaiah todd
Dalano Banton,1563518.0,2022-23,dalano banton
Trendon Watford,1563518.0,2022-23,trendon watford
Greg Brown,1563518.0,2022-23,greg brown
Jock Landale,1563518.0,2022-23,jock landale
Aaron Wiggins,1563518.0,2022-23,aaron wiggins
Miles McBride,1563518.0,2022-23,miles mcbride
Jose Alvarado,1563518.0,2022-23,jose alvarado
Austin Reaves,1563518.0,2022-23,austin reaves
BJ Boston,1563518.0,2022-23,bj boston
Jason Preston,1563518.0,2022-23,jason preston
Daishen Nix,1563518.0,2022-23,daishen nix
Isaiah Livers,1563518.0,2022-23,isaiah livers
Ayo Dosunmu,1563518.0,2022-23,ayo dosunmu
Marko Simonovic,1563518.0,2022-23,marko simonovic
JT Thor,1563518.0,2022-23,jt thor
Vit Krejci,1563518.0,2022-23,vit krejci
Kenneth Lofton,1505966.0,2022-23,kenneth lofton
Christian Koloko,1500000.0,2022-23,christian koloko
Bryce McGowens,1461055.0,2022-23,bryce mcgowens
Eric Bledsoe,1300000.0,2022-23,eric bledsoe
Jordan Goodwin,1280206.0,2022-23,jordan goodwin
Kennedy Chandler,1200000.0,2022-23,kennedy chandler
Noah Vonleh,1160955.0,2022-23,noah vonleh
Sandro Mamukelashvili,1116112.0,2022-23,sandro mamukelashvili
Sam Merrill,1105522.0,2022-23,sam merrill
Zhaire Smith,1068200.0,2022-23,zhaire smith
Jabari Walker,1017781.0,2022-23,jabari walker
Josh Minott,1017781.0,2022-23,josh minott
Max Christie,1017781.0,2022-23,max christie
Ryan Rollins,1017781.0,2022-23,ryan rollins
Jaden Hardy,1017781.0,2022-23,jaden hardy
Tyrese Martin,1017781.0,2022-23,tyrese martin
Eugene Omoruyi,1013119.0,2022-23,eugene omoruyi
Kris Dunn,1000001.0,2022-23,kris dunn
Kyle Singler,999200.0,2022-23,kyle singler
Ishmail Wainright,980057.0,2022-23,ishmail wainright
Admiral Schofield,877940.0,2022-23,admiral schofield
Justin Champagnie,853241.0,2022-23,justin champagnie
Trevelin Queen,838891.0,2022-23,trevelin queen
Moses Brown,824041.0,2022-23,moses brown
Matt Ryan,806097.0,2022-23,matt ryan
DaQuan Jeffries,799403.0,2022-23,daquan jeffries
PJ Dozier,784654.0,2022-23,pj dozier
Cody Zeller,743922.0,2022-23,cody zeller
Meyers Leonard,713558.0,2022-23,meyers leonard
Nik Stauskas,702311.0,2022-23,nik stauskas
Anthony Lamb,694878.0,2022-23,anthony lamb
Michael Carter-Williams,652829.0,2022-23,michael carter-williams
DJ Augustin,633938.0,2022-23,dj augustin
Duane Washington Jr,628802.0,2022-23,duane washington jr
Carlik Jones,612162.0,2022-23,carlik jones
Juwan Morgan,576230.0,2022-23,juwan morgan
Malik Fitts,555217.0,2022-23,malik fitts
Luka Samanic,538317.0,2022-23,luka samanic
David Duke,531283.0,2022-23,david duke
Trevor Keels,520589.0,2022-23,trevor keels
Dereon Seabron,511816.0,2022-23,dereon seabron
Johnny Juzang,508891.0,2022-23,johnny juzang
Micah Potter,508891.0,2022-23,micah potter
Ron Harper Jr,508891.0,2022-23,ron harper jr
Jeff Dowtin,508891.0,2022-23,jeff dowtin
Dominick Barlow,508891.0,2022-23,dominick barlow
Julian Champagnie,508891.0,2022-23,julian champagnie
Neemias Queta,508891.0,2022-23,neemias queta
Keon Ellis,508891.0,2022-23,keon ellis
Kevon Harris,508891.0,2022-23,kevon harris
EJ Liddell,508891.0,2022-23,ej liddell
Luka Garza,508891.0,2022-23,luka garza
AJ Green,508891.0,2022-23,aj green
Jamal Cain,508891.0,2022-23,jamal cain
Vince Williams Jr,508891.0,2022-23,vince williams jr
Cole Swider,508891.0,2022-23,cole swider
Scottie Pippen Jr,508891.0,2022-23,scottie pippen jr
Moussa Diabate,508891.0,2022-23,moussa diabate
Kendall Brown,508891.0,2022-23,kendall brown
Trevor Hudgins,508891.0,2022-23,trevor hudgins
Darius Days,508891.0,2022-23,darius days
Buddy Boeheim,508891.0,2022-23,buddy boeheim
Collin Gillespie,508891.0,2022-23,collin gillespie
Jack White,508891.0,2022-23,jack white
McKinley Wright,508891.0,2022-23,mckinley wright
Isaiah Mobley,508891.0,2022-23,isaiah mobley
Mamadi Diakite,508891.0,2022-23,mamadi diakite
Malcolm Hill,508891.0,2022-23,malcolm hill
JD Davison,508891.0,2022-23,jd davison
Mfiondu Kabengele,508891.0,2022-23,mfiondu kabengele
Trent Forrest,508891.0,2022-23,trent forrest
John Butler,503041.0,2022-23,john butler
Chima Moneke,500000.0,2022-23,chima moneke
Facundo Campazzo,464299.0,2022-23,facundo campazzo
Orlando Robinson,386055.0,2022-23,orlando robinson
Dru Smith,374357.0,2022-23,dru smith
AJ Lawson,371432.0,2022-23,aj lawson
Louis King,307089.0,2022-23,louis king
Jared Rhoden,307089.0,2022-23,jared rhoden
Robert Woodard,300000.0,2022-23,robert woodard
Didi Louzada,268032.0,2022-23,didi louzada
Jarrett Culver,260295.0,2022-23,jarrett culver
Olivier Sarr,257371.0,2022-23,olivier sarr
Alondes Williams,254446.0,2022-23,alondes williams
DJ Wilson,250000.0,2022-23,dj wilson
Donovan Williams,239822.0,2022-23,donovan williams
Quenton Jackson,219630.0,2022-23,quenton jackson
Chris Silva,211045.0,2022-23,chris silva
Braxton Key,201802.0,2022-23,braxton key
Tyler Dorsey,201802.0,2022-23,tyler dorsey
Jordan Hall,193027.0,2022-23,jordan hall
Alize Johnson,192293.0,2022-23,alize johnson
Kostas Antetokounmpo,172555.0,2022-23,kostas antetokounmpo
Devon Dotson,169630.0,2022-23,devon dotson
Mac McClung,160856.0,2022-23,mac mcclung
Willie Cauley-Stein,155738.0,2022-23,willie cauley-stein
Nate Darling,152082.0,2022-23,nate darling
Xavier Cooks,140384.0,2022-23,xavier cooks
Keaton Wallace,140384.0,2022-23,keaton wallace
Shaquille Harrison,134862.0,2022-23,shaquille harrison
Feron Hunt,131610.0,2022-23,feron hunt
Lester Quinones,129405.0,2022-23,lester quinones
Troy Williams,122741.0,2022-23,troy williams
Jay Huff,116986.0,2022-23,jay huff
Jamaree Bouyea,116986.0,2022-23,jamaree bouyea
Xavier Moon,116986.0,2022-23,xavier moon
Skylar Mays,116574.0,2022-23,skylar mays
Frank Jackson,113114.0,2022-23,frank jackson
Michael Foster,106288.0,2022-23,michael foster
Jarrell Brantley,105522.0,2022-23,jarrell brantley
Deonte Burton,105522.0,2022-23,deonte burton
Xavier Sneed,102910.0,2022-23,xavier sneed
Justin Lewis,102363.0,2022-23,justin lewis
Lindell Wigginton,99438.0,2022-23,lindell wigginton
Jordan Schakel,96514.0,2022-23,jordan schakel
Demetrius Jackson,92857.0,2022-23,demetrius jackson
Stanley Umude,58493.0,2022-23,stanley umude
Jeenathan Williams,52644.0,2022-23,jeenathan williams
Armoni Brooks,50000.0,2022-23,armoni brooks
DJ Steward,50000.0,2022-23,dj steward
Jay Scrubb,49719.0,2022-23,jay scrubb
Justin Minaya,35096.0,2022-23,justin minaya
Kobi Simmons,32795.0,2022-23,kobi simmons
Gabe York,32171.0,2022-23,gabe york
Ibou Badji,18226.0,2022-23,ibou badji
Tristan Thompson,16700.0,2022-23,tristan thompson
Jacob Gilyard,5849.0,2022-23,jacob gilyard
RaiQuan Gray,5849.0,2022-23,raiquan gray
Kevin Durant,47649433.0,2023-24,kevin durant
Joel Embiid,47607350.0,2023-24,joel embiid
LeBron James,47607350.0,2023-24,lebron james
Nikola Jokic,47607350.0,2023-24,nikola jokic
Bradley Beal,46741590.0,2023-24,bradley beal
Damian Lillard,45640084.0,2023-24,damian lillard
Giannis Antetokounmpo,45640084.0,2023-24,giannis antetokounmpo
Kawhi Leonard,45640084.0,2023-24,kawhi leonard
Paul George,45640084.0,2023-24,paul george
Jimmy Butler,45183960.0,2023-24,jimmy butler
Klay Thompson,43219440.0,2023-24,klay thompson
Rudy Gobert,41000000.0,2023-24,rudy gobert
Fred VanVleet,40806300.0,2023-24,fred vanvleet
Anthony Davis,40600080.0,2023-24,anthony davis
Luka Doncic,40064220.0,2023-24,luka doncic
Zach LaVine,40064220.0,2023-24,zach lavine
Trae Young,40064220.0,2023-24,trae young
Tobias Harris,39270150.0,2023-24,tobias harris
Kyrie Irving,38037037.0,2023-24,kyrie irving
Pascal Siakam,37893408.0,2023-24,pascal siakam
Ben Simmons,37893408.0,2023-24,ben simmons
Jrue Holiday,37620347.0,2023-24,jrue holiday
Devin Booker,36016200.0,2023-24,devin booker
Karl-Anthony Towns,36016200.0,2023-24,karl-anthony towns
Kristaps Porzingis,36016200.0,2023-24,kristaps porzingis
CJ McCollum,35802469.0,2023-24,cj mccollum
James Harden,35680595.0,2023-24,james harden
Zion Williamson,34005250.0,2023-24,zion williamson
Ja Morant,34005250.0,2023-24,ja morant
Darius Garland,34005250.0,2023-24,darius garland
Brandon Ingram,33833400.0,2023-24,brandon ingram
Jamal Murray,33833400.0,2023-24,jamal murray
Shai Gilgeous-Alexander,33386850.0,2023-24,shai gilgeous-alexander
Michael Porter,33386850.0,2023-24,michael porter
Gordon Hayward,33319397.0,2023-24,gordon hayward
Donovan Mitchell,33162030.0,2023-24,donovan mitchell
De'Aaron Fox,32600060.0,2023-24,de'aaron fox
Bam Adebayo,32600060.0,2023-24,bam adebayo
Jayson Tatum,32600060.0,2023-24,jayson tatum
Deandre Ayton,32459438.0,2023-24,deandre ayton
Jaylen Brown,31830357.0,2023-24,jaylen brown
Chris Paul,30800000.0,2023-24,chris paul
Kyle Lowry,29682540.0,2023-24,kyle lowry
Khris Middleton,29320988.0,2023-24,khris middleton
Domantas Sabonis,29300000.0,2023-24,domantas sabonis
DeMar DeRozan,28600000.0,2023-24,demar derozan
Jordan Poole,27955357.0,2023-24,jordan poole
Jerami Grant,27586207.0,2023-24,jerami grant
Jaren Jackson Jr,27102202.0,2023-24,jaren jackson jr
Tyler Herro,27000000.0,2023-24,tyler herro
Julius Randle,26943840.0,2023-24,julius randle
Jalen Brunson,26346666.0,2023-24,jalen brunson
Cameron Johnson,25679348.0,2023-24,cameron johnson
Kyle Kuzma,25568182.0,2023-24,kyle kuzma
John Collins,25340000.0,2023-24,john collins
Brook Lopez,25000000.0,2023-24,brook lopez
Mike Conley,24360000.0,2023-24,mike conley
Andrew Wiggins,24330357.0,2023-24,andrew wiggins
Anfernee Simons,24107143.0,2023-24,anfernee simons
RJ Barrett,23883929.0,2023-24,rj barrett
Jordan Clarkson,23487629.0,2023-24,jordan clarkson
Terry Rozier,23205221.0,2023-24,terry rozier
Dillon Brooks,22627671.0,2023-24,dillon brooks
Malcolm Brogdon,22500000.0,2023-24,malcolm brogdon
Draymond Green,22321429.0,2023-24,draymond green
Bruce Brown,22000000.0,2023-24,bruce brown
Mikal Bridges,21700000.0,2023-24,mikal bridges
Aaron Gordon,21266182.0,2023-24,aaron gordon
Myles Turner,20975000.0,2023-24,myles turner
Clint Capela,20616000.0,2023-24,clint capela
Lonzo Ball,20465117.0,2023-24,lonzo ball
Spencer Dinwiddie,20411797.0,2023-24,spencer dinwiddie
De'Andre Hunter,20089286.0,2023-24,de'andre hunter
Keldon Johnson,20000000.0,2023-24,keldon johnson
Bojan Bogdanovic,20000000.0,2023-24,bojan bogdanovic
Jarrett Allen,20000000.0,2023-24,jarrett allen
Joe Harris,19928571.0,2023-24,joe harris
Jakob Poeltl,19500000.0,2023-24,jakob poeltl
Buddy Hield,19321859.0,2023-24,buddy hield
Evan Fournier,18857143.0,2023-24,evan fournier
Derrick White,18857143.0,2023-24,derrick white
Bogdan Bogdanovic,18700000.0,2023-24,bogdan bogdanovic
OG Anunoby,18642857.0,2023-24,og anunoby
Marcus Smart,18583713.0,2023-24,marcus smart
Gary Trent Jr,18560000.0,2023-24,gary trent jr
Nikola Vucevic,18518519.0,2023-24,nikola vucevic
Dejounte Murray,18214000.0,2023-24,dejounte murray
Duncan Robinson,18154000.0,2023-24,duncan robinson
Norman Powell,18000000.0,2023-24,norman powell
Tim Hardaway Jr,17897728.0,2023-24,tim hardaway jr
Marcus Morris,17612280.0,2023-24,marcus morris
Collin Sexton,17525000.0,2023-24,collin sexton
Jonathan Isaac,17400000.0,2023-24,jonathan isaac
D'Angelo Russell,17307693.0,2023-24,d'angelo russell
Lauri Markkanen,17259999.0,2023-24,lauri markkanen
Harrison Barnes,17000000.0,2023-24,harrison barnes
Markelle Fultz,17000000.0,2023-24,markelle fultz
Davis Bertans,17000000.0,2023-24,davis bertans
Jusuf Nurkic,16875000.0,2023-24,jusuf nurkic
PJ Washington,16847826.0,2023-24,pj washington
Kevin Porter,15860000.0,2023-24,kevin porter
Rui Hachimura,15740741.0,2023-24,rui hachimura
Mitchell Robinson,15681818.0,2023-24,mitchell robinson
Kevin Huerter,15669643.0,2023-24,kevin huerter
Jonas Valanciunas,15435000.0,2023-24,jonas valanciunas
Caris LeVert,15384616.0,2023-24,caris levert
Luguentz Dort,15277778.0,2023-24,luguentz dort
Luke Kennard,14763636.0,2023-24,luke kennard
Kentavious Caldwell-Pope,14704938.0,2023-24,kentavious caldwell-pope
Max Strus,14487684.0,2023-24,max strus
Reggie Bullock,14210528.0,2023-24,reggie bullock
Tyus Jones,14000000.0,2023-24,tyus jones
Doug McDermott,14000000.0,2023-24,doug mcdermott
Dorian Finney-Smith,13932008.0,2023-24,dorian finney-smith
Anthony Edwards,13534817.0,2023-24,anthony edwards
Wendell Carter,13050000.0,2023-24,wendell carter
Gary Harris,13000000.0,2023-24,gary harris
Josh Hart,12960000.0,2023-24,josh hart
Naz Reid,12950400.0,2023-24,naz reid
Steven Adams,12600000.0,2023-24,steven adams
Marvin Bagley,12500000.0,2023-24,marvin bagley
Brandon Clarke,12500000.0,2023-24,brandon clarke
Grant Williams,12405000.0,2023-24,grant williams
Dennis Schroeder,12405000.0,2023-24,dennis schroeder
Daniel Gafford,12402000.0,2023-24,daniel gafford
Kelly Olynyk,12195122.0,2023-24,kelly olynyk
Victor Wembanyama,12160632.0,2023-24,victor wembanyama
James Wiseman,12119440.0,2023-24,james wiseman
Devonte Graham,12100000.0,2023-24,devonte graham
Richaun Holmes,12046020.0,2023-24,richaun holmes
Herb Jones,12015150.0,2023-24,herb jones
Austin Reaves,12015150.0,2023-24,austin reaves
Chris Boucher,11750000.0,2023-24,chris boucher
Nicolas Batum,11710818.0,2023-24,nicolas batum
Bobby Portis,11710818.0,2023-24,bobby portis
Robert Covington,11692308.0,2023-24,robert covington
Paolo Banchero,11608080.0,2023-24,paolo banchero
Robert Williams,11571429.0,2023-24,robert williams
Coby White,11111111.0,2023-24,coby white
Cade Cunningham,11055360.0,2023-24,cade cunningham
Talen Horton-Tucker,11020000.0,2023-24,talen horton-tucker
PJ Tucker,11014500.0,2023-24,pj tucker
Joe Ingles,11000000.0,2023-24,joe ingles
Maxi Kleber,11000000.0,2023-24,maxi kleber
Ivica Zubac,10933333.0,2023-24,ivica zubac
LaMelo Ball,10900635.0,2023-24,lamelo ball
Donte DiVincenzo,10900000.0,2023-24,donte divincenzo
Brandon Miller,10880364.0,2023-24,brandon miller
Terance Mann,10576923.0,2023-24,terance mann
Matisse Thybulle,10500000.0,2023-24,matisse thybulle
Gabe Vincent,10500000.0,2023-24,gabe vincent
Alec Burks,10489600.0,2023-24,alec burks
Chet Holmgren,10386000.0,2023-24,chet holmgren
Larry Nance Jr,10375000.0,2023-24,larry nance jr
Landry Shamet,10250000.0,2023-24,landry shamet
Al Horford,10000000.0,2023-24,al horford
Malik Monk,9945830.0,2023-24,malik monk
Tre Jones,9895833.0,2023-24,tre jones
Jalen Green,9891480.0,2023-24,jalen green
Patrick Williams,9835881.0,2023-24,patrick williams
Monte Morris,9800926.0,2023-24,monte morris
Scoot Henderson,9770904.0,2023-24,scoot henderson
Nicolas Claxton,9625000.0,2023-24,nicolas claxton
Royce O'Neale,9500000.0,2023-24,royce o'neale
Alex Caruso,9460000.0,2023-24,alex caruso
Victor Oladipo,9450000.0,2023-24,victor oladipo
Pat Connaughton,9423869.0,2023-24,pat connaughton
Cameron Payne,9391467.0,2023-24,cameron payne
Jabari Smith,9326520.0,2023-24,jabari smith
Isaiah Hartenstein,9245121.0,2023-24,isaiah hartenstein
Kyle Anderson,9219512.0,2023-24,kyle anderson
Daniel Theis,9108387.0,2023-24,daniel theis
Thaddeus Young,9010371.0,2023-24,thaddeus young
Grayson Allen,8925000.0,2023-24,grayson allen
Isaac Okoro,8920794.0,2023-24,isaac okoro
Evan Mobley,8882640.0,2023-24,evan mobley
Amen Thompson,8809284.0,2023-24,amen thompson
Georges Niang,8800000.0,2023-24,georges niang
Gary Payton II,8715000.0,2023-24,gary payton ii
TJ McConnell,8700000.0,2023-24,tj mcconnell
Keegan Murray,8409000.0,2023-24,keegan murray
Delon Wright,8195122.0,2023-24,delon wright
Onyeka Okongwu,8109063.0,2023-24,onyeka okongwu
Scottie Barnes,8008680.0,2023-24,scottie barnes
Trey Lyles,8000000.0,2023-24,trey lyles
De'Anthony Melton,8000000.0,2023-24,de'anthony melton
Moritz Wagner,8000000.0,2023-24,moritz wagner
Jeff Green,8000000.0,2023-24,jeff green
Jock Landale,8000000.0,2023-24,jock landale
Ausar Thompson,7977420.0,2023-24,ausar thompson
Miles Bridges,7921300.0,2023-24,miles bridges
Danilo Gallinari,7850062.0,2023-24,danilo gallinari
Paul Reed,7723000.0,2023-24,paul reed
Vasilije Micic,7723000.0,2023-24,vasilije micic
Zach Collins,7700000.0,2023-24,zach collins
Jaden Ivey,7614480.0,2023-24,jaden ivey
Cody Martin,7560000.0,2023-24,cody martin
Patrick Mills,7537766.0,2023-24,patrick mills
Kevon Looney,7500000.0,2023-24,kevon looney
Killian Hayes,7413955.0,2023-24,killian hayes
Jalen Suggs,7252080.0,2023-24,jalen suggs
Anthony Black,7245480.0,2023-24,anthony black
Jae'Sean Tate,7000000.0,2023-24,jae'sean tate
Khem Birch,6985000.0,2023-24,khem birch
Bennedict Mathurin,6916080.0,2023-24,bennedict mathurin
Obi Toppin,6803012.0,2023-24,obi toppin
Caleb Martin,6802950.0,2023-24,caleb martin
Cedi Osman,6718842.0,2023-24,cedi osman
Bilal Coulibaly,6614256.0,2023-24,bilal coulibaly
Josh Giddey,6587040.0,2023-24,josh giddey
Ayo Dosunmu,6481482.0,2023-24,ayo dosunmu
Rudy Gay,6479000.0,2023-24,rudy gay
Sasha Vezenkov,6341464.0,2023-24,sasha vezenkov
Shaedon Sharpe,6313800.0,2023-24,shaedon sharpe
Otto Porter,6300000.0,2023-24,otto porter
Deni Avdija,6263188.0,2023-24,deni avdija
Nassir Little,6250000.0,2023-24,nassir little
Bismack Biyombo,6194075.0,2023-24,bismack biyombo
Jevon Carter,6190476.0,2023-24,jevon carter
Kenrich Williams,6175000.0,2023-24,kenrich williams
Jarace Walker,6059460.0,2023-24,jarace walker
Jonathan Kuminga,6012840.0,2023-24,jonathan kuminga
Devin Vassell,5887899.0,2023-24,devin vassell
Tyrese Haliburton,5808435.0,2023-24,tyrese haliburton
Dyson Daniels,5784120.0,2023-24,dyson daniels
Kira Lewis,5722116.0,2023-24,kira lewis
Dean Wade,5709877.0,2023-24,dean wade
Aaron Nesmith,5634257.0,2023-24,aaron nesmith
Aleksej Pokusevski,5574809.0,2023-24,aleksej pokusevski
Taylor Hendricks,5569872.0,2023-24,taylor hendricks
Shake Milton,5552938.0,2023-24,shake milton
JaVale McGee,5544772.0,2023-24,javale mcgee
Cole Anthony,5539771.0,2023-24,cole anthony
Franz Wagner,5508720.0,2023-24,franz wagner
Furkan Korkmaz,5370370.0,2023-24,furkan korkmaz
Josh Primo,5341600.0,2023-24,josh primo
Jeremy Sochan,5316960.0,2023-24,jeremy sochan
Cason Wallace,5291352.0,2023-24,cason wallace
Isaiah Stewart,5266713.0,2023-24,isaiah stewart
Chuma Okeke,5266712.0,2023-24,chuma okeke
Davion Mitchell,5063640.0,2023-24,davion mitchell
Johnny Davis,5050800.0,2023-24,johnny davis
Jalen Smith,5043773.0,2023-24,jalen smith
Jett Howard,5026824.0,2023-24,jett howard
Mason Plumlee,5000000.0,2023-24,mason plumlee
Reggie Jackson,5000000.0,2023-24,reggie jackson
Ziaire Williams,4810200.0,2023-24,ziaire williams
Ousmane Dieng,4798440.0,2023-24,ousmane dieng
Taj Gibson,4776302.0,2023-24,taj gibson
Dereck Lively,4775628.0,2023-24,dereck lively
Josh Green,4765339.0,2023-24,josh green
Nickeil Alexander-Walker,4687500.0,2023-24,nickeil alexander-walker
Jarred Vanderbilt,4640000.0,2023-24,jarred vanderbilt
James Bouknight,4570080.0,2023-24,james bouknight
Jalen Williams,4558680.0,2023-24,jalen williams
Saddiq Bey,4556983.0,2023-24,saddiq bey
Gradey Dick,4536708.0,2023-24,gradey dick
Jalen McDaniels,4516000.0,2023-24,jalen mcdaniels
Taurean Prince,4516000.0,2023-24,taurean prince
Precious Achiuwa,4379526.0,2023-24,precious achiuwa
Tyrese Maxey,4343920.0,2023-24,tyrese maxey
Jalen Duren,4330680.0,2023-24,jalen duren
Danuel House,4310250.0,2023-24,danuel house
Jordan Hawkins,4310196.0,2023-24,jordan hawkins
Mike Muscala,4308297.0,2023-24,mike muscala
Zeke Nnaji,4306281.0,2023-24,zeke nnaji
Immanuel Quickley,4171548.0,2023-24,immanuel quickley
Chris Duarte,4124400.0,2023-24,chris duarte
Ochai Agbaji,4114200.0,2023-24,ochai agbaji
Kobe Bufkin,4094244.0,2023-24,kobe bufkin
Payton Pritchard,4037277.0,2023-24,payton pritchard
Troy Brown,4000000.0,2023-24,troy brown
Dwight Powell,4000000.0,2023-24,dwight powell
Seth Curry,4000000.0,2023-24,seth curry
Moses Moody,3918480.0,2023-24,moses moody
Mark Williams,3908160.0,2023-24,mark williams
Jaden McDaniels,3901399.0,2023-24,jaden mcdaniels
Keyonte George,3889776.0,2023-24,keyonte george
Malachi Flynn,3873024.0,2023-24,malachi flynn
Desmond Bane,3845083.0,2023-24,desmond bane
James Johnson,3839412.0,2023-24,james johnson
Kevin Love,3835738.0,2023-24,kevin love
Russell Westbrook,3835738.0,2023-24,russell westbrook
Ricky Rubio,3722327.0,2023-24,ricky rubio
Corey Kispert,3722040.0,2023-24,corey kispert
AJ Griffin,3712920.0,2023-24,aj griffin
Jalen Hood-Schifino,3695076.0,2023-24,jalen hood-schifino
Amir Coffey,3666667.0,2023-24,amir coffey
Alperen Sengun,3536280.0,2023-24,alperen sengun
Tari Eason,3527160.0,2023-24,tari eason
Jaime Jaquez,3510540.0,2023-24,jaime jaquez
Andre Drummond,3360000.0,2023-24,andre drummond
Trey Murphy,3359280.0,2023-24,trey murphy
Brandin Podziemski,3352404.0,2023-24,brandin podziemski
Dalen Terry,3350760.0,2023-24,dalen terry
Keon Johnson,3342765.0,2023-24,keon johnson
Cameron Whitmore,3218160.0,2023-24,cameron whitmore
Jake LaRavia,3199920.0,2023-24,jake laravia
Kai Jones,3198778.0,2023-24,kai jones
Garrett Temple,3196448.0,2023-24,garrett temple
Robin Lopez,3196448.0,2023-24,robin lopez
Alex Len,3196448.0,2023-24,alex len
Eric Gordon,3196448.0,2023-24,eric gordon
Cody Zeller,3196448.0,2023-24,cody zeller
Patrick Beverley,3196448.0,2023-24,patrick beverley
Jae Crowder,3196448.0,2023-24,jae crowder
Derrick Rose,3196448.0,2023-24,derrick rose
Cory Joseph,3196448.0,2023-24,cory joseph
DeAndre Jordan,3196448.0,2023-24,deandre jordan
Justin Holiday,3196448.0,2023-24,justin holiday
Markieff Morris,3196448.0,2023-24,markieff morris
Tristan Thompson,3196448.0,2023-24,tristan thompson
Ishmael Smith,3196448.0,2023-24,ishmael smith
Wesley Matthews,3196448.0,2023-24,wesley matthews
Tre Mann,3191400.0,2023-24,tre mann
Usman Garuba,3159790.0,2023-24,usman garuba
Noah Clowney,3089460.0,2023-24,noah clowney
Malaki Branham,3071880.0,2023-24,malaki branham
Simone Fontecchio,3044872.0,2023-24,simone fontecchio
Jordan Nwora,3000000.0,2023-24,jordan nwora
Julian Champagnie,3000000.0,2023-24,julian champagnie
Dante Exum,3000000.0,2023-24,dante exum
Dariq Whitehead,2966040.0,2023-24,dariq whitehead
Christian Braun,2949120.0,2023-24,christian braun
Jalen Johnson,2925360.0,2023-24,jalen johnson
Kelly Oubre,2891467.0,2023-24,kelly oubre
Josh Richardson,2891467.0,2023-24,josh richardson
Boban Marjanovic,2891467.0,2023-24,boban marjanovic
Kris Murray,2847504.0,2023-24,kris murray
Andrew Nicholson,2844429.0,2023-24,andrew nicholson
Walker Kessler,2831160.0,2023-24,walker kessler
TyTy Washington,2830222.0,2023-24,tyty washington
Josh Okogie,2815937.0,2023-24,josh okogie
Omer Yurtseven,2800000.0,2023-24,omer yurtseven
Dewayne Dedmon,2748674.0,2023-24,dewayne dedmon
Olivier-Maxence Prosper,2733720.0,2023-24,olivier-maxence prosper
Josh Christopher,2732920.0,2023-24,josh christopher
David Roddy,2718240.0,2023-24,david roddy
Malik Beasley,2709849.0,2023-24,malik beasley
Christian Wood,2709849.0,2023-24,christian wood
Dario Saric,2709849.0,2023-24,dario saric
Derrick Jones,2709849.0,2023-24,derrick jones
Chimezie Metu,2697258.0,2023-24,chimezie metu
Isaiah Jackson,2696280.0,2023-24,isaiah jackson
Marcus Sasser,2624028.0,2023-24,marcus sasser
MarJon Beauchamp,2609400.0,2023-24,marjon beauchamp
Charles Bassey,2600000.0,2023-24,charles bassey
Damian Jones,2586665.0,2023-24,damian jones
Kenneth Lofton,2586618.0,2023-24,kenneth lofton
Kris Dunn,2586484.0,2023-24,kris dunn
Bruno Fernando,2581522.0,2023-24,bruno fernando
Jeremiah Robinson-Earl,2548843.0,2023-24,jeremiah robinson-earl
Ben Sheppard,2537172.0,2023-24,ben sheppard
Damion Lee,2528233.0,2023-24,damion lee
Thomas Bryant,2528233.0,2023-24,thomas bryant
Ryan Arcidiacono,2528233.0,2023-24,ryan arcidiacono
Torrey Craig,2528233.0,2023-24,torrey craig
Frank Ntilikina,2528233.0,2023-24,frank ntilikina
Dennis Smith,2528233.0,2023-24,dennis smith
Blake Wesley,2504640.0,2023-24,blake wesley
Lamar Stevens,2492354.0,2023-24,lamar stevens
Nick Smith,2463912.0,2023-24,nick smith
Brice Sensabaugh,2448600.0,2023-24,brice sensabaugh
Ty Jerome,2439025.0,2023-24,ty jerome
Julian Strawther,2431044.0,2023-24,julian strawther
Tristan Vukcevic,2424892.0,2023-24,tristan vukcevic
Wendell Moore,2421720.0,2023-24,wendell moore
Jordan McLaughlin,2420000.0,2023-24,jordan mclaughlin
Kobe Brown,2413356.0,2023-24,kobe brown
Luke Kornet,2413304.0,2023-24,luke kornet
John Konchar,2400000.0,2023-24,john konchar
Quentin Grimes,2385720.0,2023-24,quentin grimes
Nikola Jovic,2352000.0,2023-24,nikola jovic
Drew Eubanks,2346614.0,2023-24,drew eubanks
Mo Bamba,2346614.0,2023-24,mo bamba
Thanasis Antetokounmpo,2346614.0,2023-24,thanasis antetokounmpo
Yuta Watanabe,2346614.0,2023-24,yuta watanabe
Aaron Holiday,2346614.0,2023-24,aaron holiday
Keita Bates-Diop,2346614.0,2023-24,keita bates-diop
Lonnie Walker,2346614.0,2023-24,lonnie walker
Sviatoslav Mykhailiuk,2346614.0,2023-24,sviatoslav mykhailiuk
Patrick Baldwin,2337720.0,2023-24,patrick baldwin
Harry Giles,2306554.0,2023-24,harry giles
Bones Hyland,2306400.0,2023-24,bones hyland
Peyton Watson,2303520.0,2023-24,peyton watson
Cam Thomas,2240160.0,2023-24,cam thomas
Vlatko Cancar,2234359.0,2023-24,vlatko cancar
Vince Williams Jr,2232308.0,2023-24,vince williams jr
Jaden Springer,2226240.0,2023-24,jaden springer
Day'Ron Sharpe,2210040.0,2023-24,day'ron sharpe
Jordan Goodwin,2208045.0,2023-24,jordan goodwin
Santiago Aldama,2194200.0,2023-24,santiago aldama
Moses Brown,2165000.0,2023-24,moses brown
Bol Bol,2165000.0,2023-24,bol bol
Jaxson Hayes,2165000.0,2023-24,jaxson hayes
Cam Reddish,2165000.0,2023-24,cam reddish
Oshae Brissett,2165000.0,2023-24,oshae brissett
Kevin Knox,2144320.0,2023-24,kevin knox
Andrew Nembhard,2131905.0,2023-24,andrew nembhard
Luka Samanic,2066585.0,2023-24,luka samanic
Goga Bitadze,2066585.0,2023-24,goga bitadze
Matt Ryan,2059782.0,2023-24,matt ryan
Sandro Mamukelashvili,2019706.0,2023-24,sandro mamukelashvili
Colby Jones,2019706.0,2023-24,colby jones
Dalano Banton,2019706.0,2023-24,dalano banton
Montrezl Harrell,2019706.0,2023-24,montrezl harrell
Terry Taylor,2019706.0,2023-24,terry taylor
Trendon Watford,2019706.0,2023-24,trendon watford
Caleb Houstan,2000000.0,2023-24,caleb houstan
Jaylin Williams,2000000.0,2023-24,jaylin williams
Garrison Mathews,2000000.0,2023-24,garrison mathews
Anthony Gill,1997238.0,2023-24,anthony gill
Isaiah Joe,1997238.0,2023-24,isaiah joe
Sam Merrill,1997238.0,2023-24,sam merrill
GG Jackson,1991428.0,2023-24,gg jackson
Duop Reath,1951220.0,2023-24,duop reath
KJ Martin,1930681.0,2023-24,kj martin
Naji Marshall,1930681.0,2023-24,naji marshall
Xavier Tillman,1930681.0,2023-24,xavier tillman
Kessler Edwards,1927896.0,2023-24,kessler edwards
Jericho Sims,1927896.0,2023-24,jericho sims
Sam Hauser,1927896.0,2023-24,sam hauser
Haywood Highsmith,1902137.0,2023-24,haywood highsmith
AJ Green,1901769.0,2023-24,aj green
Ryan Rollins,1893589.0,2023-24,ryan rollins
Isaiah Livers,1836096.0,2023-24,isaiah livers
Aaron Wiggins,1836096.0,2023-24,aaron wiggins
Miles McBride,1836096.0,2023-24,miles mcbride
Jose Alvarado,1836096.0,2023-24,jose alvarado
Isaiah Todd,1836096.0,2023-24,isaiah todd
BJ Boston,1836096.0,2023-24,bj boston
JT Thor,1836096.0,2023-24,jt thor
Jared Butler,1809782.0,2023-24,jared butler
EJ Liddell,1801769.0,2023-24,ej liddell
Dru Smith,1801769.0,2023-24,dru smith
Orlando Robinson,1801769.0,2023-24,orlando robinson
Leonard Miller,1800000.0,2023-24,leonard miller
Xavier Cooks,1719864.0,2023-24,xavier cooks
Christian Koloko,1719864.0,2023-24,christian koloko
Jabari Walker,1719864.0,2023-24,jabari walker
Josh Minott,1719864.0,2023-24,josh minott
Kennedy Chandler,1719864.0,2023-24,kennedy chandler
Max Christie,1719864.0,2023-24,max christie
Jaden Hardy,1719864.0,2023-24,jaden hardy
Bryce McGowens,1719864.0,2023-24,bryce mcgowens
Jalen Pickett,1708143.0,2023-24,jalen pickett
Julian Phillips,1600000.0,2023-24,julian phillips
Craig Porter,1500000.0,2023-24,craig porter
Eugene Omoruyi,1459782.0,2023-24,eugene omoruyi
Ricky Council,1414135.0,2023-24,ricky council
DaQuan Jeffries,1341538.0,2023-24,daquan jeffries
Eric Bledsoe,1300000.0,2023-24,eric bledsoe
Skylar Mays,1165280.0,2023-24,skylar mays
Sidy Cissoko,1119563.0,2023-24,sidy cissoko
Toumani Camara,1119563.0,2023-24,toumani camara
Rayan Rupert,1119563.0,2023-24,rayan rupert
Chris Livingston,1119563.0,2023-24,chris livingston
Andre Jackson Jr,1119563.0,2023-24,andre jackson jr
Maxwell Lewis,1119563.0,2023-24,maxwell lewis
Trayce Jackson-Davis,1119563.0,2023-24,trayce jackson-davis
Hunter Tyson,1119563.0,2023-24,hunter tyson
Jordan Walsh,1119563.0,2023-24,jordan walsh
Mouhamed Gueye,1119563.0,2023-24,mouhamed gueye
Dylan Windler,1116288.0,2023-24,dylan windler
Trent Forrest,1112933.0,2023-24,trent forrest
Lester Quinones,1108597.0,2023-24,lester quinones
Kendall Brown,1100000.0,2023-24,kendall brown
Stanley Umude,1098242.0,2023-24,stanley umude
Gui Santos,1029483.0,2023-24,gui santos
Dominick Barlow,1015402.0,2023-24,dominick barlow
AJ Lawson,1000000.0,2023-24,aj lawson
Ishmail Wainright,988269.0,2023-24,ishmail wainright
Neemias Queta,891035.0,2023-24,neemias queta
Jalen Wilson,850000.0,2023-24,jalen wilson
Javon Freeman-Liberty,849324.0,2023-24,javon freeman-liberty
Lindy Waters III,766095.0,2023-24,lindy waters iii
Jacob Toppin,759245.0,2023-24,jacob toppin
Mamadi Diakite,710574.0,2023-24,mamadi diakite
Jack White,703550.0,2023-24,jack white
Nik Stauskas,702311.0,2023-24,nik stauskas
Jacob Gilyard,701336.0,2023-24,jacob gilyard
Luka Garza,687465.0,2023-24,luka garza
Keon Ellis,683430.0,2023-24,keon ellis
RJ Hampton,680032.0,2023-24,rj hampton
TJ Warren,649659.0,2023-24,tj warren
Darius Bazley,624425.0,2023-24,darius bazley
Juwan Morgan,576230.0,2023-24,juwan morgan
Micah Potter,559782.0,2023-24,micah potter
Johnny Juzang,559782.0,2023-24,johnny juzang
Markquis Nowell,559782.0,2023-24,markquis nowell
Filip Petrusev,559782.0,2023-24,filip petrusev
Jordan Ford,559782.0,2023-24,jordan ford
Jalen Slawson,559782.0,2023-24,jalen slawson
Justin Minaya,559782.0,2023-24,justin minaya
Theo Maledon,559782.0,2023-24,theo maledon
Udoka Azubuike,559782.0,2023-24,udoka azubuike
Saben Lee,559782.0,2023-24,saben lee
Terquavion Smith,559782.0,2023-24,terquavion smith
Admiral Schofield,559782.0,2023-24,admiral schofield
Trevelin Queen,559782.0,2023-24,trevelin queen
Kevon Harris,559782.0,2023-24,kevon harris
Olivier Sarr,559782.0,2023-24,olivier sarr
Keyontae Johnson,559782.0,2023-24,keyontae johnson
Charlie Brown,559782.0,2023-24,charlie brown
Dereon Seabron,559782.0,2023-24,dereon seabron
Daishen Nix,559782.0,2023-24,daishen nix
Jaylen Clark,559782.0,2023-24,jaylen clark
Jamal Cain,559782.0,2023-24,jamal cain
Cole Swider,559782.0,2023-24,cole swider
Colin Castleton,559782.0,2023-24,colin castleton
Jordan Miller,559782.0,2023-24,jordan miller
Moussa Diabate,559782.0,2023-24,moussa diabate
Oscar Tshiebwe,559782.0,2023-24,oscar tshiebwe
Isaiah Wong,559782.0,2023-24,isaiah wong
Nate Williams,559782.0,2023-24,nate williams
Nate Hinton,559782.0,2023-24,nate hinton
Jermaine Samuels,559782.0,2023-24,jermaine samuels
Jerome Robinson,559782.0,2023-24,jerome robinson
Malcolm Cazalon,559782.0,2023-24,malcolm cazalon
Jared Rhoden,559782.0,2023-24,jared rhoden
Jay Huff,559782.0,2023-24,jay huff
Braxton Key,559782.0,2023-24,braxton key
Collin Gillespie,559782.0,2023-24,collin gillespie
Greg Brown,559782.0,2023-24,greg brown
Emoni Bates,559782.0,2023-24,emoni bates
Isaiah Mobley,559782.0,2023-24,isaiah mobley
Adama Sanogo,559782.0,2023-24,adama sanogo
Leaky Black,559782.0,2023-24,leaky black
Amari Bailey,559782.0,2023-24,amari bailey
JD Davison,559782.0,2023-24,jd davison
Seth Lundy,559782.0,2023-24,seth lundy
Malik Fitts,555217.0,2023-24,malik fitts
Marques Bolden,502131.0,2023-24,marques bolden
Onuralp Bitim,500000.0,2023-24,onuralp bitim
Xavier Moon,489005.0,2023-24,xavier moon
Isaiah Thomas,477630.0,2023-24,isaiah thomas
Ibou Badji,466485.0,2023-24,ibou badji
Juan Toscano-Anderson,447931.0,2023-24,juan toscano-anderson
Duane Washington Jr,443965.0,2023-24,duane washington jr
Jules Bernard,415011.0,2023-24,jules bernard
Jontay Porter,411794.0,2023-24,jontay porter
Jaylen Nowell,398160.0,2023-24,jaylen nowell
David Duke,395708.0,2023-24,david duke
Nathan Mensah,395708.0,2023-24,nathan mensah
Drew Peterson,395708.0,2023-24,drew peterson
Henri Drell,389274.0,2023-24,henri drell
Alex Fudge,376405.0,2023-24,alex fudge
Vit Krejci,369971.0,2023-24,vit krejci
Brandon Williams,350668.0,2023-24,brandon williams
Trey Jemison,341017.0,2023-24,trey jemison
Jason Preston,315280.0,2023-24,jason preston
Nerlens Noel,300000.0,2023-24,nerlens noel
Tosan Evbuomwan,295977.0,2023-24,tosan evbuomwan
Scottie Pippen Jr,289542.0,2023-24,scottie pippen jr
Malcolm Hill,286583.0,2023-24,malcolm hill
Ashton Hagans,270841.0,2023-24,ashton hagans
Jeff Dowtin,269237.0,2023-24,jeff dowtin
Didi Louzada,268032.0,2023-24,didi louzada
Javonte Green,261293.0,2023-24,javonte green
Justin Champagnie,254412.0,2023-24,justin champagnie
Jaylen Martin,249766.0,2023-24,jaylen martin
Pete Nance,244503.0,2023-24,pete nance
Lindell Wigginton,244502.0,2023-24,lindell wigginton
D'Moi Hodge,241285.0,2023-24,d'moi hodge
Armoni Brooks,241285.0,2023-24,armoni brooks
Jahmi'us Ramsey,232150.0,2023-24,jahmi'us ramsey
Charles Bediako,215548.0,2023-24,charles bediako
Mason Jones,212331.0,2023-24,mason jones
Alondes Williams,212331.0,2023-24,alondes williams
Dexter Dennis,212331.0,2023-24,dexter dennis
Zavier Simpson,207100.0,2023-24,zavier simpson
DeJon Jarreau,207100.0,2023-24,dejon jarreau
DJ Carton,205897.0,2023-24,dj carton
Adam Flagler,205897.0,2023-24,adam flagler
Danny Green,202074.0,2023-24,danny green
Mouhamadou Gueye,199463.0,2023-24,mouhamadou gueye
Ja'Vonte Smart,196245.0,2023-24,ja'vonte smart
Miles Norris,193028.0,2023-24,miles norris
Justin Lewis,173725.0,2023-24,justin lewis
Jamaree Bouyea,170801.0,2023-24,jamaree bouyea
Pat Spencer,170508.0,2023-24,pat spencer
Sir'Jabari Rice,167291.0,2023-24,sir'jabari rice
Buddy Boeheim,167291.0,2023-24,buddy boeheim
Justise Winslow,166176.0,2023-24,justise winslow
Andrew Funk,160857.0,2023-24,andrew funk
Nathan Knight,160857.0,2023-24,nathan knight
John Butler,147988.0,2023-24,john butler
Ron Harper Jr,147988.0,2023-24,ron harper jr
Justin Jackson,145301.0,2023-24,justin jackson
Shaquille Harrison,145301.0,2023-24,shaquille harrison
RaiQuan Gray,141554.0,2023-24,raiquan gray
Jaylin Galloway,141554.0,2023-24,jaylin galloway
Quenton Jackson,135120.0,2023-24,quenton jackson
Hamidou Diallo,134863.0,2023-24,hamidou diallo
DJ Wilson,134863.0,2023-24,dj wilson
Matthew Hurt,128686.0,2023-24,matthew hurt
Maozinha Pereira,128685.0,2023-24,maozinha pereira
Wenyen Gabriel,124425.0,2023-24,wenyen gabriel
Kobi Simmons,120250.0,2023-24,kobi simmons
Zhaire Smith,116075.0,2023-24,zhaire smith
Sharife Cooper,103550.0,2023-24,sharife cooper
Demetrius Jackson,92857.0,2023-24,demetrius jackson
Malik Williams,77212.0,2023-24,malik williams
Omari Moore,75000.0,2023-24,omari moore
Taze Moore,70687.0,2023-24,taze moore
Taevion Kinsey,64343.0,2023-24,taevion kinsey
Izaiah Brockington,64343.0,2023-24,izaiah brockington
Jalen Crutcher,64343.0,2023-24,jalen crutcher
Timmy Allen,64343.0,2023-24,timmy allen
Edmond Sumner,40459.0,2023-24,edmond sumner
Kaiser Gates,35389.0,2023-24,kaiser gates
Nikola Jokic,51415938.0,2024-25,nikola jokic
Joel Embiid,51415938.0,2024-25,joel embiid
Kevin Durant,51179020.0,2024-25,kevin durant
Bradley Beal,50203930.0,2024-25,bradley beal
Jaylen Brown,49205800.0,2024-25,jaylen brown
Karl-Anthony Towns,49205800.0,2024-25,karl-anthony towns
Devin Booker,49205800.0,2024-25,devin booker
Paul George,49205800.0,2024-25,paul george
Kawhi Leonard,49205800.0,2024-25,kawhi leonard
Jimmy Butler,48798677.0,2024-25,jimmy butler
Damian Lillard,48787676.0,2024-25,damian lillard
Giannis Antetokounmpo,48787676.0,2024-25,giannis antetokounmpo
LeBron James,48728845.0,2024-25,lebron james
Zach LaVine,44531940.0,2024-25,zach lavine
Rudy Gobert,43827586.0,2024-25,rudy gobert
Anthony Davis,43219440.0,2024-25,anthony davis
Trae Young,43031940.0,2024-25,trae young
Luka Doncic,43031940.0,2024-25,luka doncic
Fred VanVleet,42846615.0,2024-25,fred vanvleet
Lauri Markkanen,42176400.0,2024-25,lauri markkanen
Tyrese Haliburton,42176400.0,2024-25,tyrese haliburton
Pascal Siakam,42176400.0,2024-25,pascal siakam
Anthony Edwards,42176400.0,2024-25,anthony edwards
Domantas Sabonis,40500000.0,2024-25,domantas sabonis
Ben Simmons,40338144.0,2024-25,ben simmons
Kyrie Irving,40000000.0,2024-25,kyrie irving
Darius Garland,36725670.0,2024-25,darius garland
Ja Morant,36725670.0,2024-25,ja morant
Zion Williamson,36725670.0,2024-25,zion williamson
OG Anunoby,36637932.0,2024-25,og anunoby
Jamal Murray,36016200.0,2024-25,jamal murray
Brandon Ingram,36016200.0,2024-25,brandon ingram
Michael Porter,35859950.0,2024-25,michael porter
Shai Gilgeous-Alexander,35859950.0,2024-25,shai gilgeous-alexander
Donovan Mitchell,35410310.0,2024-25,donovan mitchell
LaMelo Ball,35147000.0,2024-25,lamelo ball
Tyrese Maxey,35147000.0,2024-25,tyrese maxey
Jayson Tatum,34848340.0,2024-25,jayson tatum
Bam Adebayo,34848340.0,2024-25,bam adebayo
De'Aaron Fox,34848340.0,2024-25,de'aaron fox
Desmond Bane,34005250.0,2024-25,desmond bane
Deandre Ayton,34005126.0,2024-25,deandre ayton
James Harden,33653846.0,2024-25,james harden
CJ McCollum,33333333.0,2024-25,cj mccollum
Immanuel Quickley,32500000.0,2024-25,immanuel quickley
Julius Randle,31695840.0,2024-25,julius randle
Khris Middleton,31000000.0,2024-25,khris middleton
Jrue Holiday,30000000.0,2024-25,jrue holiday
Isaiah Hartenstein,30000000.0,2024-25,isaiah hartenstein
Jerami Grant,29793104.0,2024-25,jerami grant
Jordan Poole,29651786.0,2024-25,jordan poole
Dejounte Murray,29517134.0,2024-25,dejounte murray
Devin Vassell,29347826.0,2024-25,devin vassell
Kristaps Porzingis,29268293.0,2024-25,kristaps porzingis
Tyler Herro,29000000.0,2024-25,tyler herro
Jonathan Isaac,27600000.0,2024-25,jonathan isaac
Nicolas Claxton,27556817.0,2024-25,nicolas claxton
Miles Bridges,27173913.0,2024-25,miles bridges
John Collins,26580000.0,2024-25,john collins
Andrew Wiggins,26276786.0,2024-25,andrew wiggins
Anfernee Simons,25892857.0,2024-25,anfernee simons
RJ Barrett,25794643.0,2024-25,rj barrett
Tobias Harris,25365854.0,2024-25,tobias harris
Jaren Jackson Jr,25257798.0,2024-25,jaren jackson jr
Jalen Brunson,24960001.0,2024-25,jalen brunson
Terry Rozier,24924126.0,2024-25,terry rozier
Draymond Green,24107143.0,2024-25,draymond green
Kyle Kuzma,23856060.0,2024-25,kyle kuzma
DeMar DeRozan,23400000.0,2024-25,demar derozan
Mikal Bridges,23300000.0,2024-25,mikal bridges
Dillon Brooks,23255493.0,2024-25,dillon brooks
Cameron Johnson,23062500.0,2024-25,cameron johnson
Jaden McDaniels,23017242.0,2024-25,jaden mcdaniels
Brook Lopez,23000000.0,2024-25,brook lopez
Bruce Brown,23000000.0,2024-25,bruce brown
Aaron Gordon,22841455.0,2024-25,aaron gordon
Kentavious Caldwell-Pope,22757000.0,2024-25,kentavious caldwell-pope
Malcolm Brogdon,22500000.0,2024-25,malcolm brogdon
Clint Capela,22265280.0,2024-25,clint capela
De'Andre Hunter,21696429.0,2024-25,de'andre hunter
Lonzo Ball,21395348.0,2024-25,lonzo ball
Marcus Smart,20210285.0,2024-25,marcus smart
Derrick White,20071429.0,2024-25,derrick white
Nikola Vucevic,20000000.0,2024-25,nikola vucevic
Jarrett Allen,20000000.0,2024-25,jarrett allen
Myles Turner,19928500.0,2024-25,myles turner
Jakob Poeltl,19500000.0,2024-25,jakob poeltl
Duncan Robinson,19406000.0,2024-25,duncan robinson
Norman Powell,19241379.0,2024-25,norman powell
Bojan Bogdanovic,19032850.0,2024-25,bojan bogdanovic
Keldon Johnson,19000000.0,2024-25,keldon johnson
D'Angelo Russell,18692307.0,2024-25,d'angelo russell
Collin Sexton,18350000.0,2024-25,collin sexton
Josh Hart,18144000.0,2024-25,josh hart
Jusuf Nurkic,18125000.0,2024-25,jusuf nurkic
Harrison Barnes,18000000.0,2024-25,harrison barnes
Patrick Williams,18000000.0,2024-25,patrick williams
Malik Monk,17405203.0,2024-25,malik monk
Bogdan Bogdanovic,17260000.0,2024-25,bogdan bogdanovic
Rui Hachimura,17000000.0,2024-25,rui hachimura
Kevin Huerter,16830357.0,2024-25,kevin huerter
Zach Collins,16741200.0,2024-25,zach collins
Caris LeVert,16615384.0,2024-25,caris levert
Luguentz Dort,16500000.0,2024-25,luguentz dort
Tim Hardaway Jr,16193183.0,2024-25,tim hardaway jr
Klay Thompson,15873016.0,2024-25,klay thompson
Grayson Allen,15625000.0,2024-25,grayson allen
Deni Avdija,15625000.0,2024-25,deni avdija
PJ Washington,15500000.0,2024-25,pj washington
Max Strus,15212068.0,2024-25,max strus
Isaiah Stewart,15000000.0,2024-25,isaiah stewart
Dorian Finney-Smith,14924167.0,2024-25,dorian finney-smith
Mitchell Robinson,14318182.0,2024-25,mitchell robinson
Jordan Clarkson,14092577.0,2024-25,jordan clarkson
Onyeka Okongwu,14000000.0,2024-25,onyeka okongwu
Naz Reid,13986432.0,2024-25,naz reid
Cade Cunningham,13940809.0,2024-25,cade cunningham
Daniel Gafford,13394160.0,2024-25,daniel gafford
Grant Williams,13025250.0,2024-25,grant williams
Dennis Schroeder,13025250.0,2024-25,dennis schroeder
Isaiah Joe,12991650.0,2024-25,isaiah joe
Austin Reaves,12976362.0,2024-25,austin reaves
Herb Jones,12976362.0,2024-25,herb jones
Obi Toppin,12975000.0,2024-25,obi toppin
Cole Anthony,12900000.0,2024-25,cole anthony
De'Anthony Melton,12822000.0,2024-25,de'anthony melton
Kelly Olynyk,12804878.0,2024-25,kelly olynyk
Victor Wembanyama,12768664.0,2024-25,victor wembanyama
Josh Green,12654321.0,2024-25,josh green
Richaun Holmes,12648321.0,2024-25,richaun holmes
Steven Adams,12600000.0,2024-25,steven adams
Bobby Portis,12578286.0,2024-25,bobby portis
Zaccharie Risacher,12569040.0,2024-25,zaccharie risacher
Brandon Clarke,12500000.0,2024-25,brandon clarke
Marvin Bagley,12500000.0,2024-25,marvin bagley
Jalen Green,12483048.0,2024-25,jalen green
Robert Williams,12428571.0,2024-25,robert williams
PJ Tucker,12165577.0,2024-25,pj tucker
Paolo Banchero,12160800.0,2024-25,paolo banchero
Coby White,12000000.0,2024-25,coby white
Wendell Carter,11950000.0,2024-25,wendell carter
Ivica Zubac,11743210.0,2024-25,ivica zubac
Donte DiVincenzo,11445000.0,2024-25,donte divincenzo
Brandon Miller,11424382.0,2024-25,brandon miller
Terance Mann,11423077.0,2024-25,terance mann
Alex Sarr,11245680.0,2024-25,alex sarr
Evan Mobley,11227657.0,2024-25,evan mobley
Larry Nance Jr,11205000.0,2024-25,larry nance jr
Matisse Thybulle,11025000.0,2024-25,matisse thybulle
Gabe Vincent,11000000.0,2024-25,gabe vincent
Aaron Nesmith,11000000.0,2024-25,aaron nesmith
Maxi Kleber,11000000.0,2024-25,maxi kleber
Moritz Wagner,11000000.0,2024-25,moritz wagner
Chet Holmgren,10880640.0,2024-25,chet holmgren
Chris Boucher,10810000.0,2024-25,chris boucher
Jarred Vanderbilt,10714286.0,2024-25,jarred vanderbilt
Aaron Wiggins,10514017.0,2024-25,aaron wiggins
Chris Paul,10460000.0,2024-25,chris paul
Scoot Henderson,10259449.0,2024-25,scoot henderson
Isaac Okoro,10185186.0,2024-25,isaac okoro
Scottie Barnes,10130980.0,2024-25,scottie barnes
Reed Sheppard,10098960.0,2024-25,reed sheppard
Mike Conley,9975962.0,2024-25,mike conley
Jonas Valanciunas,9900000.0,2024-25,jonas valanciunas
Alex Caruso,9890000.0,2024-25,alex caruso
Jabari Smith,9770880.0,2024-25,jabari smith
Derrick Jones,9523810.0,2024-25,derrick jones
Al Horford,9500000.0,2024-25,al horford
Pat Connaughton,9423869.0,2024-25,pat connaughton
Royce O'Neale,9375000.0,2024-25,royce o'neale
TJ McConnell,9300000.0,2024-25,tj mcconnell
Luke Kennard,9250000.0,2024-25,luke kennard
Amen Thompson,9249748.0,2024-25,amen thompson
Jalen Suggs,9188385.0,2024-25,jalen suggs
Caleb Martin,9186594.0,2024-25,caleb martin
Gary Payton II,9130000.0,2024-25,gary payton ii
Stephon Castle,9105120.0,2024-25,stephon castle
Tre Jones,9104167.0,2024-25,tre jones
Goga Bitadze,9057971.0,2024-25,goga bitadze
Zeke Nnaji,8888889.0,2024-25,zeke nnaji
Keegan Murray,8809560.0,2024-25,keegan murray
Buddy Hield,8780488.0,2024-25,buddy hield
Kyle Anderson,8780488.0,2024-25,kyle anderson
Jalen Smith,8571429.0,2024-25,jalen smith
Naji Marshall,8571429.0,2024-25,naji marshall
Georges Niang,8500000.0,2024-25,georges niang
Ausar Thompson,8376291.0,2024-25,ausar thompson
Josh Giddey,8352367.0,2024-25,josh giddey
Josh Okogie,8250000.0,2024-25,josh okogie
Ron Holland,8245320.0,2024-25,ron holland
Cody Martin,8120000.0,2024-25,cody martin
Jock Landale,8000000.0,2024-25,jock landale
Kevon Looney,8000000.0,2024-25,kevon looney
Jeff Green,8000000.0,2024-25,jeff green
Trey Lyles,8000000.0,2024-25,trey lyles
Kelly Oubre,7983000.0,2024-25,kelly oubre
Jaden Ivey,7977240.0,2024-25,jaden ivey
KJ Martin,7975000.0,2024-25,kj martin
Vasilije Micic,7723000.0,2024-25,vasilije micic
Simone Fontecchio,7692308.0,2024-25,simone fontecchio
Jonathan Kuminga,7636307.0,2024-25,jonathan kuminga
Anthony Black,7607754.0,2024-25,anthony black
Jae'Sean Tate,7565217.0,2024-25,jae'sean tate
Gary Harris,7500000.0,2024-25,gary harris
Tidjane Salaun,7488720.0,2024-25,tidjane salaun
Bennedict Mathurin,7245720.0,2024-25,bennedict mathurin
Max Christie,7142857.0,2024-25,max christie
Franz Wagner,7007092.0,2024-25,franz wagner
Ayo Dosunmu,7000000.0,2024-25,ayo dosunmu
Bilal Coulibaly,6945240.0,2024-25,bilal coulibaly
Donovan Clingan,6836400.0,2024-25,donovan clingan
Payton Pritchard,6696429.0,2024-25,payton pritchard
Kenrich Williams,6669000.0,2024-25,kenrich williams
Shaedon Sharpe,6614160.0,2024-25,shaedon sharpe
Jevon Carter,6500000.0,2024-25,jevon carter
Davion Mitchell,6451077.0,2024-25,davion mitchell
Saddiq Bey,6440678.0,2024-25,saddiq bey
Jarace Walker,6362433.0,2024-25,jarace walker
Rob Dillingham,6262920.0,2024-25,rob dillingham
Dean Wade,6166667.0,2024-25,dean wade
John Konchar,6165000.0,2024-25,john konchar
Ziaire Williams,6133005.0,2024-25,ziaire williams
Dyson Daniels,6059520.0,2024-25,dyson daniels
Malik Beasley,6000000.0,2024-25,malik beasley
Precious Achiuwa,6000000.0,2024-25,precious achiuwa
Chris Duarte,5893768.0,2024-25,chris duarte
Taylor Hendricks,5848366.0,2024-25,taylor hendricks
Moses Moody,5803269.0,2024-25,moses moody
Zach Edey,5756880.0,2024-25,zach edey
Corey Kispert,5705887.0,2024-25,corey kispert
Russell Westbrook,5631296.0,2024-25,russell westbrook
Jeremy Sochan,5570040.0,2024-25,jeremy sochan
Cason Wallace,5555920.0,2024-25,cason wallace
Cody Williams,5469120.0,2024-25,cody williams
Alperen Sengun,5424654.0,2024-25,alperen sengun
Johnny Davis,5291160.0,2024-25,johnny davis
Jett Howard,5278165.0,2024-25,jett howard
Davis Bertans,5250000.0,2024-25,davis bertans
Reggie Jackson,5250000.0,2024-25,reggie jackson
Haywood Highsmith,5200000.0,2024-25,haywood highsmith
Matas Buzelis,5195520.0,2024-25,matas buzelis
Dario Saric,5168000.0,2024-25,dario saric
Kris Dunn,5168000.0,2024-25,kris dunn
Trey Murphy,5159854.0,2024-25,trey murphy
Ousmane Dieng,5027040.0,2024-25,ousmane dieng
Dereck Lively,5014409.0,2024-25,dereck lively
Andre Drummond,5000000.0,2024-25,andre drummond
Nick Richards,5000000.0,2024-25,nick richards
Drew Eubanks,5000000.0,2024-25,drew eubanks
Nikola Topic,4935960.0,2024-25,nikola topic
Tre Mann,4908373.0,2024-25,tre mann
Jalen McDaniels,4881191.0,2024-25,jalen mcdaniels
Jaden Springer,4777088.0,2024-25,jaden springer
Jalen Williams,4775760.0,2024-25,jalen williams
Gradey Dick,4763543.0,2024-25,gradey dick
Miles McBride,4710144.0,2024-25,miles mcbride
Devin Carter,4689000.0,2024-25,devin carter
Nicolas Batum,4668000.0,2024-25,nicolas batum
Aaron Holiday,4668000.0,2024-25,aaron holiday
Jalen Duren,4536840.0,2024-25,jalen duren
Jordan Hawkins,4525706.0,2024-25,jordan hawkins
Jalen Johnson,4510905.0,2024-25,jalen johnson
Alex Len,4480977.0,2024-25,alex len
Carlton Carrington,4454880.0,2024-25,carlton carrington
Isaiah Jackson,4435380.0,2024-25,isaiah jackson
Nickeil Alexander-Walker,4312500.0,2024-25,nickeil alexander-walker
Ochai Agbaji,4310280.0,2024-25,ochai agbaji
Bones Hyland,4306427.0,2024-25,bones hyland
Kobe Bufkin,4298956.0,2024-25,kobe bufkin
Quentin Grimes,4296682.0,2024-25,quentin grimes
Kel'el Ware,4231800.0,2024-25,kel'el ware
Mark Williams,4094280.0,2024-25,mark williams
Keyonte George,4084265.0,2024-25,keyonte george
Cam Thomas,4041249.0,2024-25,cam thomas
Jalen Hood-Schifino,4021384.0,2024-25,jalen hood-schifino
Jared McCain,4020360.0,2024-25,jared mccain
Paul Reed,4015938.0,2024-25,paul reed
Dwight Powell,4000000.0,2024-25,dwight powell
Day'Ron Sharpe,3989122.0,2024-25,day'ron sharpe
Santiago Aldama,3960531.0,2024-25,santiago aldama
Amir Coffey,3938271.0,2024-25,amir coffey
Torrey Craig,3891631.0,2024-25,torrey craig
Kevin Love,3850000.0,2024-25,kevin love
Dalton Knecht,3819120.0,2024-25,dalton knecht
Tari Eason,3695160.0,2024-25,tari eason
Jaime Jaquez,3685800.0,2024-25,jaime jaquez
Tristan da Silva,3628440.0,2024-25,tristan da silva
Brandin Podziemski,3519960.0,2024-25,brandin podziemski
Dalen Terry,3510480.0,2024-25,dalen terry
Sviatoslav Mykhailiuk,3500000.0,2024-25,sviatoslav mykhailiuk
Cody Zeller,3500000.0,2024-25,cody zeller
Ja'Kobe Walter,3465000.0,2024-25,ja'kobe walter
Cameron Whitmore,3379068.0,2024-25,cameron whitmore
Jake LaRavia,3352680.0,2024-25,jake laravia
Ajay Mitchell,3347451.0,2024-25,ajay mitchell
Jaylon Tyson,3326160.0,2024-25,jaylon tyson
Eric Gordon,3303771.0,2024-25,eric gordon
Seth Curry,3303771.0,2024-25,seth curry
Taj Gibson,3303771.0,2024-25,taj gibson
Tristan Thompson,3303771.0,2024-25,tristan thompson
Spencer Dinwiddie,3303771.0,2024-25,spencer dinwiddie
DeAndre Jordan,3303771.0,2024-25,deandre jordan
James Johnson,3303771.0,2024-25,james johnson
Patrick Mills,3303771.0,2024-25,patrick mills
Markieff Morris,3303771.0,2024-25,markieff morris
Alec Burks,3303771.0,2024-25,alec burks
Joe Ingles,3303771.0,2024-25,joe ingles
Cory Joseph,3303771.0,2024-25,cory joseph
Kyle Lowry,3303771.0,2024-25,kyle lowry
Mason Plumlee,3303771.0,2024-25,mason plumlee
Doug McDermott,3303771.0,2024-25,doug mcdermott
Garrett Temple,3303771.0,2024-25,garrett temple
David Roddy,3269623.0,2024-25,david roddy
Noah Clowney,3244080.0,2024-25,noah clowney
Kevin Porter,3237691.0,2024-25,kevin porter
Malaki Branham,3217920.0,2024-25,malaki branham
Yves Missi,3193200.0,2024-25,yves missi
Dante Exum,3150000.0,2024-25,dante exum
Dariq Whitehead,3114342.0,2024-25,dariq whitehead
Nassir Little,3107143.0,2024-25,nassir little
Christian Braun,3089640.0,2024-25,christian braun
Johnny Juzang,3087519.0,2024-25,johnny juzang
DaRon Holmes,3065640.0,2024-25,daron holmes
Josh Richardson,3051153.0,2024-25,josh richardson
Christian Wood,3036040.0,2024-25,christian wood
Cameron Payne,3003427.0,2024-25,cameron payne
Delon Wright,3003427.0,2024-25,delon wright
Tyus Jones,3003427.0,2024-25,tyus jones
Julian Champagnie,3000000.0,2024-25,julian champagnie
Kyle Filipowski,3000000.0,2024-25,kyle filipowski
Kris Murray,2990040.0,2024-25,kris murray
Taurean Prince,2988550.0,2024-25,taurean prince
Walker Kessler,2965920.0,2024-25,walker kessler
Shake Milton,2875000.0,2024-25,shake milton
Olivier-Maxence Prosper,2870406.0,2024-25,olivier-maxence prosper
MarJon Beauchamp,2865623.0,2024-25,marjon beauchamp
Devonte Graham,2850000.0,2024-25,devonte graham
Kyshawn George,2825520.0,2024-25,kyshawn george
Luke Kornet,2800834.0,2024-25,luke kornet
Daniel Theis,2800834.0,2024-25,daniel theis
Damion Lee,2800834.0,2024-25,damion lee
Monte Morris,2800834.0,2024-25,monte morris
AJ Johnson,2795294.0,2024-25,aj johnson
Mo Bamba,2763299.0,2024-25,mo bamba
Marcus Sasser,2755229.0,2024-25,marcus sasser
Trendon Watford,2726603.0,2024-25,trendon watford
Wendell Moore,2723634.0,2024-25,wendell moore
Ben Sheppard,2664031.0,2024-25,ben sheppard
Keita Bates-Diop,2654644.0,2024-25,keita bates-diop
Blake Wesley,2624280.0,2024-25,blake wesley
Dillon Jones,2622360.0,2024-25,dillon jones
Jae Crowder,2620232.0,2024-25,jae crowder
Gary Trent Jr,2613120.0,2024-25,gary trent jr
Patrick Baldwin,2590394.0,2024-25,patrick baldwin
Nick Smith,2587108.0,2024-25,nick smith
Brice Sensabaugh,2571030.0,2024-25,brice sensabaugh
Ty Jerome,2560975.0,2024-25,ty jerome
Julian Strawther,2552596.0,2024-25,julian strawther
Terrence Shannon Jr.,2546640.0,2024-25,terrence shannon jr.
Kobe Brown,2534024.0,2024-25,kobe brown
Ryan Dunn,2530800.0,2024-25,ryan dunn
Isaiah Collier,2512680.0,2024-25,isaiah collier
Baylor Scheierman,2494320.0,2024-25,baylor scheierman
Nikola Jovic,2464200.0,2024-25,nikola jovic
Jaxson Hayes,2463946.0,2024-25,jaxson hayes
Cam Reddish,2463946.0,2024-25,cam reddish
DaQuan Jeffries,2425403.0,2024-25,daquan jeffries
Talen Horton-Tucker,2425403.0,2024-25,talen horton-tucker
Javonte Green,2425403.0,2024-25,javonte green
Vlatko Cancar,2425403.0,2024-25,vlatko cancar
Bol Bol,2425403.0,2024-25,bol bol
Jordan McLaughlin,2425403.0,2024-25,jordan mclaughlin
Peyton Watson,2413560.0,2024-25,peyton watson
Charlie Brown,2237692.0,2024-25,charlie brown
Xavier Tillman,2237691.0,2024-25,xavier tillman
Anthony Gill,2237691.0,2024-25,anthony gill
James Wiseman,2237691.0,2024-25,james wiseman
Garrison Mathews,2230253.0,2024-25,garrison mathews
Justin Champagnie,2224662.0,2024-25,justin champagnie
JaVale McGee,2208856.0,2024-25,javale mcgee
Lindy Waters III,2196970.0,2024-25,lindy waters iii
Jeremiah Robinson-Earl,2196970.0,2024-25,jeremiah robinson-earl
Dalano Banton,2196970.0,2024-25,dalano banton
Sam Merrill,2164993.0,2024-25,sam merrill
Duane Washington Jr,2162607.0,2024-25,duane washington jr
Vit Krejci,2162606.0,2024-25,vit krejci
Neemias Queta,2162606.0,2024-25,neemias queta
Keon Johnson,2162606.0,2024-25,keon johnson
Luka Garza,2162606.0,2024-25,luka garza
Charles Bassey,2162606.0,2024-25,charles bassey
Sandro Mamukelashvili,2162606.0,2024-25,sandro mamukelashvili
Vince Williams Jr,2120693.0,2024-25,vince williams jr
AJ Green,2120693.0,2024-25,aj green
Colby Jones,2120693.0,2024-25,colby jones
Keon Ellis,2120693.0,2024-25,keon ellis
Sidy Cissoko,2100971.0,2024-25,sidy cissoko
Sam Hauser,2092344.0,2024-25,sam hauser
Jericho Sims,2092344.0,2024-25,jericho sims
Jay Huff,2088033.0,2024-25,jay huff
Scotty Pippen Jr,2087519.0,2024-25,scotty pippen jr
Tyler Kolek,2087519.0,2024-25,tyler kolek
Guerschon Yabusele,2087519.0,2024-25,guerschon yabusele
Duop Reath,2048780.0,2024-25,duop reath
Andrew Nembhard,2019699.0,2024-25,andrew nembhard
Jaden Hardy,2019699.0,2024-25,jaden hardy
Kennedy Chandler,2019699.0,2024-25,kennedy chandler
Josh Minott,2019699.0,2024-25,josh minott
Jaylin Williams,2019699.0,2024-25,jaylin williams
Caleb Houstan,2019699.0,2024-25,caleb houstan
Jabari Walker,2019699.0,2024-25,jabari walker
Jose Alvarado,1988598.0,2024-25,jose alvarado
Julian Phillips,1891857.0,2024-25,julian phillips
Craig Porter,1891857.0,2024-25,craig porter
Jalen Pickett,1891857.0,2024-25,jalen pickett
Hunter Tyson,1891857.0,2024-25,hunter tyson
GG Jackson,1891857.0,2024-25,gg jackson
Andre Jackson Jr,1891857.0,2024-25,andre jackson jr
Chris Livingston,1891857.0,2024-25,chris livingston
Leonard Miller,1891857.0,2024-25,leonard miller
Ricky Council,1891857.0,2024-25,ricky council
Mouhamed Gueye,1891857.0,2024-25,mouhamed gueye
Jordan Walsh,1891857.0,2024-25,jordan walsh
Maxwell Lewis,1891857.0,2024-25,maxwell lewis
Jalen Wilson,1891857.0,2024-25,jalen wilson
Trayce Jackson-Davis,1891857.0,2024-25,trayce jackson-davis
Gui Santos,1891857.0,2024-25,gui santos
Toumani Camara,1891857.0,2024-25,toumani camara
Rayan Rupert,1891857.0,2024-25,rayan rupert
Oso Ighodaro,1862265.0,2024-25,oso ighodaro
Jonathan Mogbo,1862265.0,2024-25,jonathan mogbo
Jamal Shead,1862265.0,2024-25,jamal shead
Izaiah Brockington,1862265.0,2024-25,izaiah brockington
Johnny Furphy,1850842.0,2024-25,johnny furphy
Pacome Dadiet,1808080.0,2024-25,pacome dadiet
Orlando Robinson,1764727.0,2024-25,orlando robinson
Landry Shamet,1682008.0,2024-25,landry shamet
Ryan Rollins,1549888.0,2024-25,ryan rollins
Jordan Miller,1471445.0,2024-25,jordan miller
Karlo Matkovic,1407153.0,2024-25,karlo matkovic
Jamison Battle,1350668.0,2024-25,jamison battle
Moussa Diabate,1314865.0,2024-25,moussa diabate
Eric Bledsoe,1300000.0,2024-25,eric bledsoe
EJ Liddell,1285475.0,2024-25,ej liddell
Bismack Biyombo,1253154.0,2024-25,bismack biyombo
Bobi Klintman,1157153.0,2024-25,bobi klintman
Cam Christie,1157153.0,2024-25,cam christie
Bronny James,1157153.0,2024-25,bronny james
Jaylen Wells,1157153.0,2024-25,jaylen wells
Pelle Larsson,1157153.0,2024-25,pelle larsson
Tyler Smith,1157153.0,2024-25,tyler smith
Antonio Reeves,1157153.0,2024-25,antonio reeves
Adem Bona,1157153.0,2024-25,adem bona
Jared Butler,1115697.0,2024-25,jared butler
Bruno Fernando,1115128.0,2024-25,bruno fernando
Ariel Hukporti,1112306.0,2024-25,ariel hukporti
Elfrid Payton,1099236.0,2024-25,elfrid payton
PJ Dozier,1051255.0,2024-25,pj dozier
BJ Boston,1005158.0,2024-25,bj boston
Josh Primo,1000000.0,2024-25,josh primo
Markelle Fultz,981902.0,2024-25,markelle fultz
Matt Ryan,978541.0,2024-25,matt ryan
Tyrese Martin,959732.0,2024-25,tyrese martin
Colin Castleton,955125.0,2024-25,colin castleton
Jeenathan Williams,940543.0,2024-25,jeenathan williams
Keshad Johnson,937214.0,2024-25,keshad johnson
Dominick Barlow,922983.0,2024-25,dominick barlow
Jaylen Clark,907334.0,2024-25,jaylen clark
Pat Spencer,869906.0,2024-25,pat spencer
Trey Jemison,864902.0,2024-25,trey jemison
Branden Carlson,795038.0,2024-25,branden carlson
Quinten Post,789588.0,2024-25,quinten post
Justin Edwards,782721.0,2024-25,justin edwards
Lonnie Walker,780932.0,2024-25,lonnie walker
Kai Jones,713697.0,2024-25,kai jones
Jacob Toppin,710480.0,2024-25,jacob toppin
Nik Stauskas,702311.0,2024-25,nik stauskas
Lamar Stevens,668735.0,2024-25,lamar stevens
Kevin Knox,660790.0,2024-25,kevin knox
Isaac Jones,641962.0,2024-25,isaac jones
Tony Bradley,635312.0,2024-25,tony bradley
Brandon Williams,598120.0,2024-25,brandon williams
KJ Simpson,578577.0,2024-25,kj simpson
Ulrich Chomche,578577.0,2024-25,ulrich chomche
Keaton Wallace,578577.0,2024-25,keaton wallace
Drew Peterson,578577.0,2024-25,drew peterson
Reece Beekman,578577.0,2024-25,reece beekman
Adama Sanogo,578577.0,2024-25,adama sanogo
Emoni Bates,578577.0,2024-25,emoni bates
Luke Travers,578577.0,2024-25,luke travers
Kessler Edwards,578577.0,2024-25,kessler edwards
Jazian Gortman,578577.0,2024-25,jazian gortman
Trey Alexander,578577.0,2024-25,trey alexander
PJ Hall,578577.0,2024-25,pj hall
Spencer Jones,578577.0,2024-25,spencer jones
Daniss Jenkins,578577.0,2024-25,daniss jenkins
N'Faly Dante,578577.0,2024-25,n'faly dante
Jack McVeigh,578577.0,2024-25,jack mcveigh
Enrique Freeman,578577.0,2024-25,enrique freeman
Quenton Jackson,578577.0,2024-25,quenton jackson
Trentyn Flowers,578577.0,2024-25,trentyn flowers
Christian Koloko,578577.0,2024-25,christian koloko
Quincy Olivari,578577.0,2024-25,quincy olivari
Armel Traore,578577.0,2024-25,armel traore
Yuki Kawamura,578577.0,2024-25,yuki kawamura
Cam Spencer,578577.0,2024-25,cam spencer
Josh Christopher,578577.0,2024-25,josh christopher
Dru Smith,578577.0,2024-25,dru smith
Liam Robbins,578577.0,2024-25,liam robbins
Stanley Umude,578577.0,2024-25,stanley umude
Jesse Edwards,578577.0,2024-25,jesse edwards
Tristen Newton,578577.0,2024-25,tristen newton
Jamal Cain,578577.0,2024-25,jamal cain
Kevin McCullar,578577.0,2024-25,kevin mccullar
Anton Watson,578577.0,2024-25,anton watson
Alex Ducas,578577.0,2024-25,alex ducas
Adam Flagler,578577.0,2024-25,adam flagler
Mac McClung,578577.0,2024-25,mac mcclung
Trevelin Queen,578577.0,2024-25,trevelin queen
Jeff Dowtin,578577.0,2024-25,jeff dowtin
Jalen Bridges,578577.0,2024-25,jalen bridges
Collin Gillespie,578577.0,2024-25,collin gillespie
TyTy Washington,578577.0,2024-25,tyty washington
Bryce McGowens,578577.0,2024-25,bryce mcgowens
Justin Minaya,578577.0,2024-25,justin minaya
Taze Moore,578577.0,2024-25,taze moore
Isaiah Crawford,578577.0,2024-25,isaiah crawford
Mason Jones,578577.0,2024-25,mason jones
David Duke,578577.0,2024-25,david duke
Harrison Ingram,578577.0,2024-25,harrison ingram
Riley Minix,578577.0,2024-25,riley minix
Micah Potter,578577.0,2024-25,micah potter
Oscar Tshiebwe,578577.0,2024-25,oscar tshiebwe
JT Thor,578577.0,2024-25,jt thor
Tristan Vukcevic,578577.0,2024-25,tristan vukcevic
Juwan Morgan,576230.0,2024-25,juwan morgan
JD Davison,571779.0,2024-25,jd davison
Malik Fitts,555217.0,2024-25,malik fitts
Pete Nance,539893.0,2024-25,pete nance
AJ Lawson,534309.0,2024-25,aj lawson
Jaylen Nowell,473929.0,2024-25,jaylen nowell
Cole Swider,472449.0,2024-25,cole swider
Mamadi Diakite,464050.0,2024-25,mamadi diakite
Moses Brown,446051.0,2024-25,moses brown
Isaiah Wong,427879.0,2024-25,isaiah wong
Daeqwon Plowden,424951.0,2024-25,daeqwon plowden
Ricky Rubio,424672.0,2024-25,ricky rubio
Lester Quinones,424409.0,2024-25,lester quinones
Jared Rhoden,386995.0,2024-25,jared rhoden
Jaylen Martin,384594.0,2024-25,jaylen martin
Zyon Pullin,379911.0,2024-25,zyon pullin
Chuma Okeke,372949.0,2024-25,chuma okeke
Jordan Goodwin,364102.0,2024-25,jordan goodwin
Daishen Nix,362356.0,2024-25,daishen nix
Isaiah Stevens,350668.0,2024-25,isaiah stevens
Emanuel Miller,344234.0,2024-25,emanuel miller
Tosan Evbuomwan,331365.0,2024-25,tosan evbuomwan
Elijah Harkless,331365.0,2024-25,elijah harkless
Seth Lundy,328148.0,2024-25,seth lundy
RayJ Dennis,324931.0,2024-25,rayj dennis
Kylor Kelley,324090.0,2024-25,kylor kelley
Ron Harper Jr,315280.0,2024-25,ron harper jr
Tolu Smith,315280.0,2024-25,tolu smith
Keion Brooks,305628.0,2024-25,keion brooks
DJ Carton,289289.0,2024-25,dj carton
Jason Preston,289289.0,2024-25,jason preston
Didi Louzada,268032.0,2024-25,didi louzada
Alex Reese,250312.0,2024-25,alex reese
AJ Griffin,250000.0,2024-25,aj griffin
Jackson Rowe,244502.0,2024-25,jackson rowe
Alondes Williams,244502.0,2024-25,alondes williams
DJ Steward,215548.0,2024-25,dj steward
Ethan Thompson,212331.0,2024-25,ethan thompson
Nae'qwan Tomlin,204840.0,2024-25,nae'qwan tomlin
Damion Baugh,196245.0,2024-25,damion baugh
Cui Yongxi,176943.0,2024-25,cui yongxi
David Jones,175480.0,2024-25,david jones
Jahmir Young,173725.0,2024-25,jahmir young
Taran Armstrong,157640.0,2024-25,taran armstrong
Kendall Brown,154423.0,2024-25,kendall brown
Jalen Crutcher,154423.0,2024-25,jalen crutcher
Jahlil Okafor,150179.0,2024-25,jahlil okafor
Boo Buie,143308.0,2024-25,boo buie
Oshae Brissett,139391.0,2024-25,oshae brissett
Jamaree Bouyea,135120.0,2024-25,jamaree bouyea
Miles Norris,131903.0,2024-25,miles norris
Tyson Etienne,131903.0,2024-25,tyson etienne
Braxton Key,129415.0,2024-25,braxton key
Killian Hayes,128603.0,2024-25,killian hayes
Malachi Flynn,128603.0,2024-25,malachi flynn
Skal Labissiere,128603.0,2024-25,skal labissiere
Malevy Leons,126356.0,2024-25,malevy leons
Marcus Bagley,126356.0,2024-25,marcus bagley
Terry Taylor,124288.0,2024-25,terry taylor
Eugene Omoruyi,124288.0,2024-25,eugene omoruyi
Kevon Harris,119972.0,2024-25,kevon harris
Drew Timme,113055.0,2024-25,drew timme
Marcus Garrett,107027.0,2024-25,marcus garrett
Javon Freeman-Liberty,100000.0,2024-25,javon freeman-liberty
Jaylin Galloway,77500.0,2024-25,jaylin galloway
Anzejs Pasecniks,77500.0,2024-25,anzejs pasecniks
Taevion Kinsey,77500.0,2024-25,taevion kinsey
Malcolm Hill,75000.0,2024-25,malcolm hill
Jaylen Sims,73153.0,2024-25,jaylen sims
Yuri Collins,66503.0,2024-25,yuri collins
Phillip Wheeler,66503.0,2024-25,phillip wheeler
Erik Stevenson,66503.0,2024-25,erik stevenson
Terence Davis,64301.0,2024-25,terence davis
Javante McCoy,32596.0,2024-25,javante mccoy
Kevin Porter Jr.,3217631.0,2022-23,kevin porter jr.
Kevin Porter Jr.,15860000.0,2023-24,kevin porter jr.
Kevin Porter Jr.,3237691.0,2024-25,kevin porter jr.
