.	Stephen Curry	$55,761,217	$59,606,817	$62,587,158	$0
2.	Nikola Jokic	$51,415,938	$55,224,526	$59,033,114	$62,841,702
2.	Joel Embiid	$51,415,938	$55,224,526	$59,539,018	$64,302,139
4.	Kevin Durant	$51,179,020	$54,708,608	$0	$0
5.	Bradley Beal	$50,203,930	$53,666,270	$57,128,610	$0
6.	Jaylen Brown	$49,205,800	$53,142,264	$57,078,728	$61,015,192
6.	Karl-Anthony Towns	$49,205,800	$53,142,264	$57,078,728	$61,015,192
6.	Devin Booker	$49,205,800	$53,142,264	$57,078,728	$61,015,192
6.	Paul George	$49,205,800	$51,666,090	$54,126,380	$56,586,670
6.	Kawhi Leonard	$49,205,800	$50,000,000	$50,300,000	$0
11.	Jimmy Butler	$48,798,677	$54,126,450	$56,832,773	$0
12.	Damian Lillard	$48,787,676	$58,545,211	$63,228,828	$0
12.	Giannis Antetokounmpo	$48,787,676	$57,604,894	$62,213,285	$66,821,676
14.	LeBron James	$48,728,845	$52,627,153	$0	$0
15.	Zach LaVine	$44,531,940	$47,499,660	$48,967,380	$0
16.	Rudy Gobert	$43,827,586	$35,000,000	$36,500,000	$38,000,000
17.	Anthony Davis	$43,219,440	$57,604,894	$62,213,285	$66,821,676
18.	Trae Young	$43,031,940	$45,999,660	$48,967,380	$0
18.	Luka Doncic	$43,031,940	$45,999,660	$48,967,380	$0
20.	Fred VanVleet	$42,846,615	$44,886,930	$0	$0
21.	Lauri Markkanen	$42,176,400	$46,394,100	$46,113,154	$49,824,681
21.	Tyrese Haliburton	$42,176,400	$45,550,512	$48,924,624	$52,298,736
21.	Pascal Siakam	$42,176,400	$45,550,512	$48,924,624	$52,298,736
21.	Anthony Edwards	$42,176,400	$45,550,512	$48,924,624	$52,298,736
25.	Domantas Sabonis	$40,500,000	$43,636,000	$46,772,000	$49,908,000
26.	Ben Simmons	$40,338,144	$0	$0	$0
27.	Kyrie Irving	$40,000,000	$42,962,963	$0	$0
28.	Darius Garland	$36,725,670	$39,446,090	$42,166,510	$44,886,930
28.	Ja Morant	$36,725,670	$39,446,090	$42,166,510	$44,886,930
28.	Zion Williamson	$36,725,670	$39,446,090	$42,166,510	$44,886,930
31.	OG Anunoby	$36,637,932	$39,568,966	$42,500,000	$45,431,034
32.	Jamal Murray	$36,016,200	$50,422,680	$54,456,494	$58,490,308
32.	Brandon Ingram	$36,016,200	$38,095,238	$40,000,000	$41,904,762
34.	Michael Porter	$35,859,950	$38,333,050	$40,806,150	$0
34.	Shai Gilgeous-Alexander	$35,859,950	$38,333,050	$40,806,150	$0
36.	Donovan Mitchell	$35,410,310	$48,787,676	$52,690,690	$56,593,704
37.	LaMelo Ball	$35,147,000	$37,958,760	$40,770,520	$43,582,280
37.	Tyrese Maxey	$35,147,000	$37,958,760	$40,770,520	$43,582,280
39.	Jayson Tatum	$34,848,340	$54,126,380	$58,456,490	$62,786,601
39.	Bam Adebayo	$34,848,340	$37,096,620	$51,935,268	$56,090,089
39.	De'Aaron Fox	$34,848,340	$37,096,620	$0	$0
42.	Desmond Bane	$34,005,250	$36,725,670	$39,446,090	$42,166,510
43.	Deandre Ayton	$34,005,126	$35,550,814	$0	$0
44.	James Harden	$33,653,846	$36,346,154	$0	$0
45.	CJ McCollum	$33,333,333	$30,666,666	$0	$0
46.	Immanuel Quickley	$32,500,000	$32,500,000	$32,500,000	$32,500,000
47.	Julius Randle	$31,695,840	$30,935,520	$0	$0
48.	Khris Middleton	$31,000,000	$33,345,679	$0	$0
49.	Jrue Holiday	$30,000,000	$32,400,000	$34,800,000	$37,200,000
49.	Isaiah Hartenstein	$30,000,000	$28,500,000	$28,500,000	$0
51.	Jerami Grant	$29,793,104	$32,000,001	$34,206,898	$36,413,790
52.	Jordan Poole	$29,651,786	$31,848,215	$34,044,642	$0
53.	Dejounte Murray	$29,517,134	$31,557,135	$33,597,072	$31,330,172
54.	Devin Vassell	$29,347,826	$27,000,000	$27,000,000	$24,652,174
55.	Kristaps Porzingis	$29,268,293	$30,731,707	$0	$0
56.	Tyler Herro	$29,000,000	$31,000,000	$33,000,000	$0
57.	Jonathan Isaac	$27,600,000	$15,000,000	$14,500,000	$14,500,000
58.	Nicolas Claxton	$27,556,817	$25,352,272	$23,147,727	$20,943,184
59.	Miles Bridges	$27,173,913	$25,000,000	$22,826,087	$0
60.	John Collins	$26,580,000	$26,580,000	$0	$0
61.	Andrew Wiggins	$26,276,786	$28,223,215	$30,169,644	$0
62.	Anfernee Simons	$25,892,857	$27,678,571	$0	$0
63.	RJ Barrett	$25,794,643	$27,705,357	$29,616,071	$0
64.	Tobias Harris	$25,365,854	$26,634,146	$0	$0
65.	Jaren Jackson Jr	$25,257,798	$23,413,395	$0	$0
66.	Jalen Brunson	$24,960,001	$34,944,001	$37,739,521	$40,535,041
67.	Terry Rozier	$24,924,126	$26,643,031	$0	$0
68.	Draymond Green	$24,107,143	$25,892,857	$27,678,571	$0
69.	Kyle Kuzma	$23,856,060	$21,810,605	$19,765,152	$0
70.	DeMar DeRozan	$23,400,000	$24,570,000	$25,740,000	$0
71.	Mikal Bridges	$23,300,000	$24,900,000	$0	$0
72.	Dillon Brooks	$23,255,493	$22,124,110	$20,992,727	$0
73.	Cameron Johnson	$23,062,500	$21,057,065	$23,062,500	$0
74.	Jaden McDaniels	$23,017,242	$24,858,622	$26,250,001	$28,541,380
75.	Brook Lopez	$23,000,000	$0	$0	$0
75.	Bruce Brown	$23,000,000	$0	$0	$0
77.	Aaron Gordon	$22,841,455	$22,841,455	$31,978,037	$34,536,280
78.	Kentavious Caldwell-Pope	$22,757,000	$21,621,500	$21,621,500	$0
79.	Malcolm Brogdon	$22,500,000	$0	$0	$0
80.	Clint Capela	$22,265,280	$0	$0	$0
81.	De'Andre Hunter	$21,696,429	$23,303,571	$24,910,714	$0
82.	Lonzo Ball	$21,395,348	$10,000,000	$10,000,000	$0
83.	Marcus Smart	$20,210,285	$21,586,856	$0	$0
84.	Derrick White	$20,071,429	$28,100,000	$30,348,000	$32,596,000
85.	Nikola Vucevic	$20,000,000	$21,481,481	$0	$0
85.	Jarrett Allen	$20,000,000	$20,000,000	$28,000,000	$30,240,000
87.	Myles Turner	$19,928,500	$0	$0	$0
88.	Jakob Poeltl	$19,500,000	$19,500,000	$19,500,000	$0
89.	Duncan Robinson	$19,406,000	$19,888,000	$0	$0
90.	Norman Powell	$19,241,379	$20,482,758	$0	$0
91.	Bojan Bogdanovic	$19,032,850	$0	$0	$0
92.	Keldon Johnson	$19,000,000	$17,500,000	$17,500,000	$0
93.	D'Angelo Russell	$18,692,307	$0	$0	$0
94.	Collin Sexton	$18,350,000	$19,175,000	$0	$0
95.	Josh Hart	$18,144,000	$19,472,240	$20,923,760	$22,375,280
96.	Jusuf Nurkic	$18,125,000	$19,375,000	$0	$0
97.	Harrison Barnes	$18,000,000	$19,000,000	$0	$0
97.	Patrick Williams	$18,000,000	$18,000,000	$18,000,000	$18,000,000
99.	Malik Monk	$17,405,203	$18,797,619	$20,190,035	$21,582,451
100.	Bogdan Bogdanovic	$17,260,000	$16,020,000	$16,020,000	$0
101.	Rui Hachimura	$17,000,000	$18,259,259	$0	$0
102.	Kevin Huerter	$16,830,357	$17,991,071	$0	$0
103.	Zach Collins	$16,741,200	$18,080,496	$0	$0
104.	Caris LeVert	$16,615,384	$0	$0	$0
105.	Luguentz Dort	$16,500,000	$17,722,222	$17,722,222	$0
106.	Tim Hardaway Jr	$16,193,183	$0	$0	$0
107.	Klay Thompson	$15,873,016	$16,666,667	$17,460,317	$0
108.	Grayson Allen	$15,625,000	$16,875,000	$18,125,000	$19,375,000
108.	Deni Avdija	$15,625,000	$14,375,000	$13,125,000	$11,875,000
110.	PJ Washington	$15,500,000	$14,152,174	$0	$0
111.	Max Strus	$15,212,068	$15,936,452	$16,660,836	$0
112.	Isaiah Stewart	$15,000,000	$15,000,000	$15,000,000	$15,000,000
113.	Dorian Finney-Smith	$14,924,167	$15,378,480	$0	$0
114.	Mitchell Robinson	$14,318,182	$12,954,546	$0	$0
115.	Jordan Clarkson	$14,092,577	$14,285,714	$0	$0
116.	Onyeka Okongwu	$14,000,000	$15,000,000	$16,120,000	$16,880,000
117.	Naz Reid	$13,986,432	$15,022,464	$0	$0
118.	Cade Cunningham	$13,940,809	$38,661,700	$41,754,636	$44,847,572
119.	Daniel Gafford	$13,394,160	$14,386,320	$0	$0
120.	Grant Williams	$13,025,250	$13,645,500	$14,265,750	$0
120.	Dennis Schroeder	$13,025,250	$0	$0	$0
122.	Isaiah Joe	$12,991,650	$12,362,338	$11,323,006	$11,323,006
123.	Austin Reaves	$12,976,362	$13,937,574	$14,898,786	$0
123.	Herb Jones	$12,976,362	$13,937,574	$14,898,786	$0
125.	Obi Toppin	$12,975,000	$14,000,000	$15,000,000	$16,025,000
126.	Cole Anthony	$12,900,000	$13,100,000	$13,100,000	$0
127.	De'Anthony Melton	$12,822,000	$0	$0	$0
128.	Kelly Olynyk	$12,804,878	$13,445,122	$0	$0
129.	Victor Wembanyama	$12,768,664	$13,376,695	$16,868,013	$23,615,218
130.	Josh Green	$12,654,321	$13,666,667	$14,679,012	$0
131.	Richaun Holmes	$12,648,321	$13,280,737	$0	$0
132.	Steven Adams	$12,600,000	$0	$0	$0
133.	Bobby Portis	$12,578,286	$13,445,754	$0	$0
134.	Zaccharie Risacher	$12,569,040	$13,197,720	$13,826,040	$17,434,636
135.	Brandon Clarke	$12,500,000	$12,500,000	$12,500,000	$0
135.	Marvin Bagley	$12,500,000	$0	$0	$0
137.	Jalen Green	$12,483,048	$33,333,333	$36,000,000	$36,000,000
138.	Robert Williams	$12,428,571	$13,285,713	$0	$0
139.	PJ Tucker	$12,165,577	$3,468,960	$0	$0
140.	Paolo Banchero	$12,160,800	$15,334,769	$19,935,199	$0
141.	Coby White	$12,000,000	$12,888,889	$0	$0
142.	Wendell Carter	$11,950,000	$10,850,000	$18,102,000	$19,550,160
143.	Ivica Zubac	$11,743,210	$18,102,000	$19,550,160	$20,998,320
144.	Donte DiVincenzo	$11,445,000	$11,990,000	$12,535,000	$0
145.	Brandon Miller	$11,424,382	$11,968,400	$15,104,121	$21,221,290
146.	Terance Mann	$11,423,077	$15,500,000	$15,500,000	$16,000,000
147.	Alex Sarr	$11,245,680	$11,808,240	$12,370,680	$15,611,798
148.	Evan Mobley	$11,227,657	$38,661,700	$41,754,636	$44,847,572
149.	Larry Nance Jr	$11,205,000	$0	$0	$0
150.	Matisse Thybulle	$11,025,000	$11,550,000	$0	$0
151.	Gabe Vincent	$11,000,000	$11,500,000	$0	$0
151.	Aaron Nesmith	$11,000,000	$11,000,000	$11,000,000	$0
151.	Maxi Kleber	$11,000,000	$11,000,000	$0	$0
151.	Moritz Wagner	$11,000,000	$11,000,000	$0	$0
155.	Chet Holmgren	$10,880,640	$13,731,368	$17,919,435	$0
156.	Chris Boucher	$10,810,000	$0	$0	$0
157.	Jarred Vanderbilt	$10,714,286	$11,571,429	$12,428,571	$13,285,714
158.	Aaron Wiggins	$10,514,017	$9,672,897	$8,831,776	$7,990,655
159.	Chris Paul	$10,460,000	$0	$0	$0
160.	Scoot Henderson	$10,259,449	$10,747,994	$13,585,465	$19,182,676
161.	Isaac Okoro	$10,185,186	$11,000,000	$11,814,814	$0
162.	Scottie Barnes	$10,130,980	$38,661,700	$41,754,636	$44,847,572
163.	Reed Sheppard	$10,098,960	$10,603,560	$11,108,880	$14,041,624
164.	Mike Conley	$9,975,962	$10,774,038	$0	$0
165.	Jonas Valanciunas	$9,900,000	$10,395,000	$10,000,000	$0
166.	Alex Caruso	$9,890,000	$18,102,100	$19,550,160	$20,998,320
167.	Jabari Smith	$9,770,880	$12,350,392	$16,203,715	$0
168.	Derrick Jones	$9,523,810	$10,000,000	$10,476,190	$0
169.	Al Horford	$9,500,000	$0	$0	$0
170.	Pat Connaughton	$9,423,869	$9,423,869	$0	$0
171.	Royce O'Neale	$9,375,000	$10,125,000	$10,875,000	$11,625,000
172.	TJ McConnell	$9,300,000	$10,200,000	$11,000,000	$11,800,000
173.	Luke Kennard	$9,250,000	$0	$0	$0
174.	Amen Thompson	$9,249,748	$9,690,212	$12,258,119	$17,394,270
175.	Jalen Suggs	$9,188,385	$35,000,000	$32,400,000	$29,600,000
176.	Caleb Martin	$9,186,594	$9,594,044	$10,001,494	$9,731,351
177.	Gary Payton II	$9,130,000	$0	$0	$0
178.	Stephon Castle	$9,105,120	$9,560,520	$10,015,920	$12,670,139
179.	Tre Jones	$9,104,167	$0	$0	$0
180.	Goga Bitadze	$9,057,971	$8,333,333	$7,608,696	$0
181.	Zeke Nnaji	$8,888,889	$8,177,778	$7,466,667	$7,466,667
182.	Keegan Murray	$8,809,560	$11,144,093	$14,699,059	$0
183.	Buddy Hield	$8,780,488	$9,219,512	$9,658,536	$10,097,560
183.	Kyle Anderson	$8,780,488	$9,219,512	$9,658,536	$0
185.	Jalen Smith	$8,571,429	$9,000,000	$9,428,571	$0
185.	Naji Marshall	$8,571,429	$9,000,000	$9,428,571	$0
187.	Georges Niang	$8,500,000	$8,200,000	$0	$0
188.	Ausar Thompson	$8,376,291	$8,775,162	$11,118,130	$15,854,453
189.	Josh Giddey	$8,352,367	$11,142,057	$0	$0
190.	Josh Okogie	$8,250,000	$7,750,000	$0	$0
191.	Ron Holland	$8,245,320	$8,657,280	$9,069,600	$11,491,183
192.	Cody Martin	$8,120,000	$8,680,000	$0	$0
193.	Jock Landale	$8,000,000	$8,000,000	$8,000,000	$0
193.	Kevon Looney	$8,000,000	$0	$0	$0
193.	Jeff Green	$8,000,000	$0	$0	$0
193.	Trey Lyles	$8,000,000	$0	$0	$0
197.	Kelly Oubre	$7,983,000	$8,382,150	$0	$0
198.	Jaden Ivey	$7,977,240	$10,107,163	$13,402,098	$0
199.	KJ Martin	$7,975,000	$8,025,000	$0	$0
200.	Vasilije Micic	$7,723,000	$8,109,150	$0	$0
201.	Simone Fontecchio	$7,692,308	$8,307,692	$0	$0
202.	Jonathan Kuminga	$7,636,307	$10,240,287	$0	$0
203.	Anthony Black	$7,607,754	$7,970,028	$10,105,996	$14,491,998
204.	Jae'Sean Tate	$7,565,217	$0	$0	$0
205.	Gary Harris	$7,500,000	$7,500,000	$0	$0
206.	Tidjane Salaun	$7,488,720	$7,863,240	$8,237,880	$10,445,632
207.	Bennedict Mathurin	$7,245,720	$9,187,573	$12,256,222	$0
208.	Max Christie	$7,142,857	$7,714,286	$8,285,714	$8,857,143
209.	Franz Wagner	$7,007,092	$38,661,700	$41,754,636	$44,847,572
210.	Ayo Dosunmu	$7,000,000	$7,518,518	$0	$0
211.	Bilal Coulibaly	$6,945,240	$7,275,682	$9,240,116	$13,315,007
212.	Donovan Clingan	$6,836,400	$7,178,400	$7,519,920	$9,550,298
213.	Payton Pritchard	$6,696,429	$7,232,143	$7,767,857	$8,303,571
214.	Kenrich Williams	$6,669,000	$7,163,000	$7,163,000	$0
215.	Shaedon Sharpe	$6,614,160	$8,399,983	$11,264,377	$0
216.	Jevon Carter	$6,500,000	$6,809,524	$0	$0
217.	Davion Mitchell	$6,451,077	$8,741,210	$0	$0
218.	Saddiq Bey	$6,440,678	$6,666,667	$7,000,000	$0
219.	Jarace Walker	$6,362,433	$6,665,406	$8,478,396	$12,276,717
220.	Rob Dillingham	$6,262,920	$6,576,120	$6,889,320	$8,763,215
221.	Dean Wade	$6,166,667	$6,623,456	$0	$0
222.	John Konchar	$6,165,000	$6,165,000	$6,165,000	$0
223.	Ziaire Williams	$6,133,005	$8,353,152	$0	$0
224.	Dyson Daniels	$6,059,520	$7,707,709	$10,389,992	$0
225.	Malik Beasley	$6,000,000	$0	$0	$0
225.	Precious Achiuwa	$6,000,000	$0	$0	$0
227.	Chris Duarte	$5,893,768	$0	$0	$0
228.	Taylor Hendricks	$5,848,366	$6,126,859	$7,805,619	$11,357,175
229.	Moses Moody	$5,803,269	$11,574,075	$12,500,000	$13,425,925
230.	Zach Edey	$5,756,880	$6,045,000	$6,332,760	$8,067,936
231.	Corey Kispert	$5,705,887	$13,975,000	$13,975,000	$13,050,000
232.	Russell Westbrook	$5,631,296	$3,468,960	$0	$0
233.	Jeremy Sochan	$5,570,040	$7,096,231	$9,615,393	$0
234.	Cason Wallace	$5,555,920	$5,820,487	$7,421,121	$10,849,678
235.	Cody Williams	$5,469,120	$5,742,480	$6,015,600	$7,669,890
236.	Alperen Sengun	$5,424,654	$33,944,954	$35,642,202	$37,339,450
237.	Johnny Davis	$5,291,160	$0	$0	$0
238.	Jett Howard	$5,278,165	$5,529,506	$7,337,655	$10,779,015
239.	Davis Bertans	$5,250,000	$0	$0	$0
239.	Reggie Jackson	$5,250,000	$0	$0	$0
241.	Haywood Highsmith	$5,200,000	$5,616,000	$0	$0
242.	Matas Buzelis	$5,195,520	$5,455,560	$5,715,360	$7,584,283
243.	Dario Saric	$5,168,000	$5,426,400	$0	$0
243.	Kris Dunn	$5,168,000	$5,426,400	$5,684,800	$0
245.	Trey Murphy	$5,159,854	$25,000,000	$27,000,000	$29,000,000
246.	Ousmane Dieng	$5,027,040	$6,670,882	$9,132,438	$0
247.	Dereck Lively	$5,014,409	$5,253,191	$7,238,897	$10,684,611
248.	Andre Drummond	$5,000,000	$5,000,000	$0	$0
248.	Nick Richards	$5,000,000	$5,000,000	$0	$0
248.	Drew Eubanks	$5,000,000	$4,750,000	$0	$0
251.	Nikola Topic	$4,935,960	$5,182,920	$5,429,760	$7,482,209
252.	Tre Mann	$4,908,373	$6,964,982	$0	$0
253.	Jalen McDaniels	$4,881,191	$0	$0	$0
254.	Jaden Springer	$4,777,088	$2,349,578	$2,667,944	$0
255.	Jalen Williams	$4,775,760	$6,580,997	$9,055,452	$0
256.	Gradey Dick	$4,763,543	$4,990,379	$7,131,251	$10,575,645
257.	Miles McBride	$4,710,144	$4,333,333	$3,956,523	$0
258.	Devin Carter	$4,689,000	$4,923,720	$5,158,080	$7,370,896
259.	Nicolas Batum	$4,668,000	$4,901,400	$0	$0
259.	Aaron Holiday	$4,668,000	$4,901,400	$0	$0
261.	Jalen Duren	$4,536,840	$6,483,144	$8,966,189	$0
262.	Jordan Hawkins	$4,525,706	$4,741,216	$7,021,740	$10,469,414
263.	Jalen Johnson	$4,510,905	$30,000,000	$30,000,000	$30,000,000
264.	Alex Len	$4,480,977	$0	$0	$0
265.	Carlton Carrington	$4,454,880	$4,677,600	$4,900,560	$7,257,729
266.	Isaiah Jackson	$4,435,380	$6,422,431	$0	$0
267.	Nickeil Alexander-Walker	$4,312,500	$0	$0	$0
268.	Ochai Agbaji	$4,310,280	$6,383,525	$8,879,483	$0
269.	Bones Hyland	$4,306,427	$0	$0	$0
270.	Kobe Bufkin	$4,298,956	$4,503,668	$6,904,124	$10,342,377
271.	Quentin Grimes	$4,296,682	$6,311,825	$0	$0
272.	Kel'el Ware	$4,231,800	$4,443,360	$4,654,920	$7,135,992
273.	Mark Williams	$4,094,280	$6,276,531	$8,774,591	$0
274.	Keyonte George	$4,084,265	$4,278,754	$6,563,608	$9,878,230
275.	Cam Thomas	$4,041,249	$5,993,172	$0	$0
276.	Jalen Hood-Schifino	$4,021,384	$0	$0	$0
277.	Jared McCain	$4,020,360	$4,221,360	$4,422,600	$6,784,268
278.	Paul Reed	$4,015,938	$0	$0	$0
279.	Dwight Powell	$4,000,000	$4,000,000	$0	$0
280.	Day'Ron Sharpe	$3,989,122	$5,983,683	$0	$0
281.	Santiago Aldama	$3,960,531	$5,940,797	$0	$0
282.	Amir Coffey	$3,938,271	$0	$0	$0
283.	Torrey Craig	$3,891,631	$0	$0	$0
284.	Kevin Love	$3,850,000	$4,150,000	$0	$0
285.	Dalton Knecht	$3,819,120	$4,010,160	$4,201,080	$6,452,859
286.	Tari Eason	$3,695,160	$5,675,766	$8,014,181	$0
287.	Jaime Jaquez	$3,685,800	$3,861,600	$5,939,141	$9,021,541
288.	Tristan da Silva	$3,628,440	$3,809,520	$3,991,200	$6,138,466
289.	Brandin Podziemski	$3,519,960	$3,687,960	$5,679,458	$8,666,111
290.	Dalen Terry	$3,510,480	$5,399,118	$7,661,349	$0
291.	Sviatoslav Mykhailiuk	$3,500,000	$3,675,000	$3,850,000	$4,025,000
291.	Cody Zeller	$3,500,000	$0	$0	$0
293.	Ja'Kobe Walter	$3,465,000	$3,638,160	$3,811,800	$5,870,172
294.	Cameron Whitmore	$3,379,068	$3,539,976	$5,458,643	$8,368,099
295.	Jake LaRavia	$3,352,680	$0	$0	$0
296.	Ajay Mitchell	$3,347,451	$3,000,000	$0	$0
297.	Jaylon Tyson	$3,326,160	$3,492,480	$3,658,560	$5,641,500
298.	Eric Gordon	$3,303,771	$3,468,960	$0	$0
298.	Seth Curry	$3,303,771	$0	$0	$0
298.	Taj Gibson	$3,303,771	$0	$0	$0
298.	Tristan Thompson	$3,303,771	$0	$0	$0
298.	Spencer Dinwiddie	$3,303,771	$0	$0	$0
298.	DeAndre Jordan	$3,303,771	$0	$0	$0
298.	James Johnson	$3,303,771	$0	$0	$0
298.	Patrick Mills	$3,303,771	$0	$0	$0
298.	Markieff Morris	$3,303,771	$0	$0	$0
298.	Alec Burks	$3,303,771	$0	$0	$0
298.	Joe Ingles	$3,303,771	$0	$0	$0
298.	Cory Joseph	$3,303,771	$3,468,960	$0	$0
298.	Kyle Lowry	$3,303,771	$0	$0	$0
298.	Mason Plumlee	$3,303,771	$0	$0	$0
298.	Doug McDermott	$3,303,771	$0	$0	$0
298.	Garrett Temple	$3,303,771	$0	$0	$0
314.	David Roddy	$3,269,623	$0	$0	$0
315.	Noah Clowney	$3,244,080	$3,398,406	$5,413,661	$8,342,451
316.	Kevin Porter	$3,237,691	$2,546,675	$0	$0
317.	Malaki Branham	$3,217,920	$4,962,033	$7,110,593	$0
318.	Yves Missi	$3,193,200	$3,353,040	$3,512,760	$5,595,827
319.	Dante Exum	$3,150,000	$0	$0	$0
320.	Dariq Whitehead	$3,114,342	$3,262,644	$5,367,049	$8,308,191
321.	Nassir Little	$3,107,143	$3,107,143	$3,107,143	$3,107,143
322.	Christian Braun	$3,089,640	$4,921,797	$7,092,309	$0
323.	Johnny Juzang	$3,087,519	$2,840,518	$2,708,000	$2,789,215
324.	DaRon Holmes	$3,065,640	$3,218,760	$3,372,120	$5,547,137
325.	Josh Richardson	$3,051,153	$0	$0	$0
326.	Christian Wood	$3,036,040	$0	$0	$0
327.	Cameron Payne	$3,003,427	$0	$0	$0
327.	Delon Wright	$3,003,427	$0	$0	$0
327.	Tyus Jones	$3,003,427	$0	$0	$0
330.	Julian Champagnie	$3,000,000	$3,000,000	$3,000,000	$0
330.	Kyle Filipowski	$3,000,000	$3,000,000	$3,000,000	$3,000,000
332.	Kris Murray	$2,990,040	$3,132,000	$5,315,004	$8,265,502
333.	Taurean Prince	$2,988,550	$0	$0	$0
334.	Walker Kessler	$2,965,920	$4,878,938	$7,064,703	$0
335.	Shake Milton	$2,875,000	$3,000,000	$3,287,406	$0
336.	Olivier-Maxence Prosper	$2,870,406	$3,007,092	$5,259,404	$8,215,189
337.	MarJon Beauchamp	$2,865,623	$0	$0	$0
338.	Devonte Graham	$2,850,000	$0	$0	$0
339.	Kyshawn George	$2,825,520	$2,966,760	$3,108,000	$5,435,892
340.	Luke Kornet	$2,800,834	$0	$0	$0
340.	Daniel Theis	$2,800,834	$0	$0	$0
340.	Damion Lee	$2,800,834	$0	$0	$0
340.	Monte Morris	$2,800,834	$0	$0	$0
344.	AJ Johnson	$2,795,294	$3,090,480	$3,237,120	$5,493,393
345.	Mo Bamba	$2,763,299	$0	$0	$0
346.	Marcus Sasser	$2,755,229	$2,886,431	$5,198,462	$8,156,386
347.	Trendon Watford	$2,726,603	$0	$0	$0
348.	Wendell Moore	$2,723,634	$0	$0	$0
349.	Ben Sheppard	$2,664,031	$2,790,889	$5,031,973	$7,930,389
350.	Keita Bates-Diop	$2,654,644	$0	$0	$0
351.	Blake Wesley	$2,624,280	$4,726,328	$6,942,976	$0
352.	Dillon Jones	$2,622,360	$2,753,280	$2,884,440	$5,200,645
353.	Jae Crowder	$2,620,232	$0	$0	$0
354.	Gary Trent Jr	$2,613,120	$0	$0	$0
355.	Patrick Baldwin	$2,590,394	$636,434	$0	$0
356.	Nick Smith	$2,587,108	$2,710,303	$4,889,387	$7,739,899
357.	Brice Sensabaugh	$2,571,030	$2,693,460	$4,861,695	$7,730,095
358.	Ty Jerome	$2,560,975	$0	$0	$0
359.	Julian Strawther	$2,552,596	$2,674,148	$4,826,838	$7,722,940
360.	Terrence Shannon Jr.	$2,546,640	$2,674,080	$2,801,640	$5,054,159
361.	Kobe Brown	$2,534,024	$2,654,692	$4,791,718	$7,666,748
362.	Ryan Dunn	$2,530,800	$2,657,760	$2,784,240	$5,025,553
363.	Isaiah Collier	$2,512,680	$2,638,200	$2,763,960	$4,988,948
364.	Baylor Scheierman	$2,494,320	$2,619,000	$2,744,040	$4,952,992
365.	Nikola Jovic	$2,464,200	$4,445,417	$6,592,553	$0
366.	Jaxson Hayes	$2,463,946	$0	$0	$0
366.	Cam Reddish	$2,463,946	$0	$0	$0
368.	DaQuan Jeffries	$2,425,403	$2,743,776	$3,080,918	$0
368.	Talen Horton-Tucker	$2,425,403	$0	$0	$0
368.	Javonte Green	$2,425,403	$0	$0	$0
368.	Vlatko Cancar	$2,425,403	$0	$0	$0
368.	Bol Bol	$2,425,403	$0	$0	$0
368.	Jordan McLaughlin	$2,425,403	$0	$0	$0
374.	Peyton Watson	$2,413,560	$4,356,476	$6,534,714	$0
375.	Charlie Brown	$2,237,692	$0	$0	$0
376.	Xavier Tillman	$2,237,691	$2,546,675	$0	$0
376.	Anthony Gill	$2,237,691	$2,546,675	$0	$0
376.	James Wiseman	$2,237,691	$0	$0	$0
379.	Garrison Mathews	$2,230,253	$0	$0	$0
380.	Justin Champagnie	$2,224,662	$2,349,578	$2,667,944	$3,005,085
381.	JaVale McGee	$2,208,856	$2,208,856	$2,208,856	$2,208,856
382.	Lindy Waters III	$2,196,970	$0	$0	$0
382.	Jeremiah Robinson-Earl	$2,196,970	$0	$0	$0
382.	Dalano Banton	$2,196,970	$0	$0	$0
385.	Sam Merrill	$2,164,993	$0	$0	$0
386.	Duane Washington Jr	$2,162,607	$0	$0	$0
387.	Vit Krejci	$2,162,606	$2,349,578	$2,667,944	$3,005,085
387.	Neemias Queta	$2,162,606	$2,349,578	$2,667,944	$0
387.	Keon Johnson	$2,162,606	$2,349,578	$0	$0
387.	Luka Garza	$2,162,606	$2,349,578	$0	$0
387.	Charles Bassey	$2,162,606	$0	$0	$0
387.	Sandro Mamukelashvili	$2,162,606	$0	$0	$0
393.	Vince Williams Jr	$2,120,693	$2,301,587	$2,489,752	$0
393.	AJ Green	$2,120,693	$2,301,587	$0	$0
393.	Colby Jones	$2,120,693	$2,221,677	$2,406,205	$0
393.	Keon Ellis	$2,120,693	$2,301,587	$0	$0
397.	Sidy Cissoko	$2,100,971	$636,434	$0	$0
398.	Sam Hauser	$2,092,344	$10,044,644	$10,848,215	$11,651,785
398.	Jericho Sims	$2,092,344	$0	$0	$0
400.	Jay Huff	$2,088,033	$2,349,578	$2,667,944	$3,005,085
401.	Scotty Pippen Jr	$2,087,519	$2,270,735	$2,461,462	$2,789,215
401.	Tyler Kolek	$2,087,519	$2,191,897	$2,296,271	$2,486,995
401.	Guerschon Yabusele	$2,087,519	$0	$0	$0
404.	Duop Reath	$2,048,780	$2,221,677	$0	$0
405.	Andrew Nembhard	$2,019,699	$18,102,000	$19,550,160	$20,998,320
405.	Jaden Hardy	$2,019,699	$6,000,000	$6,000,000	$6,000,000
405.	Kennedy Chandler	$2,019,699	$0	$0	$0
405.	Josh Minott	$2,019,699	$2,187,699	$0	$0
405.	Jaylin Williams	$2,019,699	$2,187,699	$0	$0
405.	Caleb Houstan	$2,019,699	$2,187,451	$0	$0
405.	Jabari Walker	$2,019,699	$0	$0	$0
412.	Jose Alvarado	$1,988,598	$4,500,000	$4,500,000	$0
413.	Julian Phillips	$1,891,857	$2,221,677	$2,406,205	$0
413.	Craig Porter	$1,891,857	$2,221,677	$2,406,205	$0
413.	Jalen Pickett	$1,891,857	$2,221,677	$2,406,205	$0
413.	Hunter Tyson	$1,891,857	$2,221,677	$2,406,205	$0
413.	GG Jackson	$1,891,857	$2,221,677	$2,406,205	$0
413.	Andre Jackson Jr	$1,891,857	$2,221,677	$2,406,205	$0
413.	Chris Livingston	$1,891,857	$2,221,677	$2,406,205	$0
413.	Leonard Miller	$1,891,857	$2,221,677	$2,406,205	$0
413.	Ricky Council	$1,891,857	$2,221,677	$2,406,205	$0
413.	Mouhamed Gueye	$1,891,857	$2,221,677	$2,406,205	$0
413.	Jordan Walsh	$1,891,857	$2,221,677	$2,406,205	$0
413.	Maxwell Lewis	$1,891,857	$2,221,677	$2,406,205	$0
413.	Jalen Wilson	$1,891,857	$2,221,677	$0	$0
413.	Trayce Jackson-Davis	$1,891,857	$2,221,677	$2,406,205	$0
413.	Gui Santos	$1,891,857	$2,221,677	$0	$0
413.	Toumani Camara	$1,891,857	$2,221,677	$2,406,205	$0
413.	Rayan Rupert	$1,891,857	$2,221,677	$0	$0
430.	Oso Ighodaro	$1,862,265	$1,955,377	$2,296,271	$0
430.	Jonathan Mogbo	$1,862,265	$1,955,377	$2,296,271	$0
430.	Jamal Shead	$1,862,265	$1,955,377	$2,296,271	$0
430.	Izaiah Brockington	$1,862,265	$0	$0	$0
434.	Johnny Furphy	$1,850,842	$1,955,377	$2,296,271	$2,486,995
435.	Pacome Dadiet	$1,808,080	$2,847,600	$2,983,680	$5,373,608
436.	Orlando Robinson	$1,764,727	$0	$0	$0
437.	Landry Shamet	$1,682,008	$0	$0	$0
438.	Ryan Rollins	$1,549,888	$0	$0	$0
439.	Jordan Miller	$1,471,445	$2,191,897	$2,378,864	$2,573,347
440.	Karlo Matkovic	$1,407,153	$1,955,377	$2,296,271	$0
441.	Jamison Battle	$1,350,668	$1,955,377	$2,296,271	$0
442.	Moussa Diabate	$1,314,865	$2,270,735	$2,461,462	$0
443.	Eric Bledsoe	$1,300,000	$0	$0	$0
444.	EJ Liddell	$1,285,475	$706,898	$706,898	$0
445.	Bismack Biyombo	$1,253,154	$0	$0	$0
446.	Bobi Klintman	$1,157,153	$1,955,377	$2,296,271	$2,486,995
446.	Cam Christie	$1,157,153	$1,955,377	$2,296,271	$2,486,995
446.	Bronny James	$1,157,153	$1,955,377	$2,296,271	$2,486,995
446.	Jaylen Wells	$1,157,153	$1,955,377	$2,296,271	$2,486,995
446.	Pelle Larsson	$1,157,153	$1,955,377	$2,296,271	$0
446.	Tyler Smith	$1,157,153	$1,955,377	$2,296,271	$2,486,995
446.	Antonio Reeves	$1,157,153	$1,955,377	$2,296,271	$0
446.	Adem Bona	$1,157,153	$1,955,377	$2,296,271	$2,486,995
454.	Jared Butler	$1,115,697	$2,349,578	$0	$0
455.	Bruno Fernando	$1,115,128	$0	$0	$0
456.	Ariel Hukporti	$1,112,306	$1,955,377	$0	$0
457.	Elfrid Payton	$1,099,236	$3,153,598	$0	$0
458.	PJ Dozier	$1,051,255	$0	$0	$0
459.	BJ Boston	$1,005,158	$2,349,578	$0	$0
460.	Josh Primo	$1,000,000	$0	$0	$0
461.	Markelle Fultz	$981,902	$0	$0	$0
462.	Matt Ryan	$978,541	$0	$0	$0
463.	Tyrese Martin	$959,732	$2,191,897	$0	$0
464.	Colin Castleton	$955,125	$2,191,897	$0	$0
465.	Jeenathan Williams	$940,543	$2,270,735	$2,461,462	$2,789,215
466.	Keshad Johnson	$937,214	$1,955,377	$0	$0
467.	Dominick Barlow	$922,983	$2,270,735	$0	$0
468.	Jaylen Clark	$907,334	$2,191,897	$0	$0
469.	Pat Spencer	$869,906	$0	$0	$0
470.	Trey Jemison	$864,902	$0	$0	$0
471.	Branden Carlson	$795,038	$0	$0	$0
472.	Quinten Post	$789,588	$1,955,377	$0	$0
473.	Justin Edwards	$782,721	$1,955,377	$0	$0
474.	Lonnie Walker	$780,932	$2,940,876	$0	$0
475.	Kai Jones	$713,697	$0	$0	$0
476.	Jacob Toppin	$710,480	$0	$0	$0
477.	Nik Stauskas	$702,311	$0	$0	$0
478.	Lamar Stevens	$668,735	$0	$0	$0
479.	Kevin Knox	$660,790	$0	$0	$0
480.	Isaac Jones	$641,962	$1,955,377	$0	$0
481.	Tony Bradley	$635,312	$2,940,876	$0	$0
482.	Brandon Williams	$598,120	$2,349,578	$0	$0
483.	KJ Simpson	$578,577	$636,434	$0	$0
483.	Ulrich Chomche	$578,577	$636,434	$0	$0
483.	Keaton Wallace	$578,577	$0	$0	$0
483.	Drew Peterson	$578,577	$0	$0	$0
483.	Reece Beekman	$578,577	$0	$0	$0
483.	Adama Sanogo	$578,577	$0	$0	$0
483.	Emoni Bates	$578,577	$0	$0	$0
483.	Luke Travers	$578,577	$0	$0	$0
483.	Kessler Edwards	$578,577	$0	$0	$0
483.	Jazian Gortman	$578,577	$0	$0	$0
483.	Trey Alexander	$578,577	$0	$0	$0
483.	PJ Hall	$578,577	$0	$0	$0
483.	Spencer Jones	$578,577	$0	$0	$0
483.	Daniss Jenkins	$578,577	$0	$0	$0
483.	N'Faly Dante	$578,577	$0	$0	$0
483.	Jack McVeigh	$578,577	$0	$0	$0
483.	Enrique Freeman	$578,577	$0	$0	$0
483.	Quenton Jackson	$578,577	$0	$0	$0
483.	Trentyn Flowers	$578,577	$0	$0	$0
483.	Christian Koloko	$578,577	$0	$0	$0
483.	Quincy Olivari	$578,577	$0	$0	$0
483.	Armel Traore	$578,577	$0	$0	$0
483.	Yuki Kawamura	$578,577	$0	$0	$0
483.	Cam Spencer	$578,577	$0	$0	$0
483.	Josh Christopher	$578,577	$0	$0	$0
483.	Dru Smith	$578,577	$0	$0	$0
483.	Liam Robbins	$578,577	$0	$0	$0
483.	Stanley Umude	$578,577	$0	$0	$0
483.	Jesse Edwards	$578,577	$0	$0	$0
483.	Tristen Newton	$578,577	$0	$0	$0
483.	Jamal Cain	$578,577	$0	$0	$0
483.	Kevin McCullar	$578,577	$0	$0	$0
483.	Anton Watson	$578,577	$0	$0	$0
483.	Alex Ducas	$578,577	$0	$0	$0
483.	Adam Flagler	$578,577	$0	$0	$0
483.	Mac McClung	$578,577	$0	$0	$0
483.	Trevelin Queen	$578,577	$0	$0	$0
483.	Jeff Dowtin	$578,577	$0	$0	$0
483.	Jalen Bridges	$578,577	$0	$0	$0
483.	Collin Gillespie	$578,577	$0	$0	$0
483.	TyTy Washington	$578,577	$0	$0	$0
483.	Bryce McGowens	$578,577	$0	$0	$0
483.	Justin Minaya	$578,577	$0	$0	$0
483.	Taze Moore	$578,577	$0	$0	$0
483.	Isaiah Crawford	$578,577	$0	$0	$0
483.	Mason Jones	$578,577	$0	$0	$0
483.	David Duke	$578,577	$0	$0	$0
483.	Harrison Ingram	$578,577	$0	$0	$0
483.	Riley Minix	$578,577	$0	$0	$0
483.	Micah Potter	$578,577	$0	$0	$0
483.	Oscar Tshiebwe	$578,577	$0	$0	$0
483.	JT Thor	$578,577	$0	$0	$0
483.	Tristan Vukcevic	$578,577	$0	$0	$0
536.	Juwan Morgan	$576,230	$0	$0	$0
537.	JD Davison	$571,779	$2,270,735	$0	$0
538.	Malik Fitts	$555,217	$0	$0	$0
539.	Pete Nance	$539,893	$636,434	$0	$0
540.	AJ Lawson	$534,309	$2,270,735	$0	$0
541.	Jaylen Nowell	$473,929	$0	$0	$0
542.	Cole Swider	$472,449	$0	$0	$0
543.	Mamadi Diakite	$464,050	$464,050	$464,050	$0
544.	Moses Brown	$446,051	$0	$0	$0
545.	Isaiah Wong	$427,879	$0	$0	$0
546.	Daeqwon Plowden	$424,951	$636,434	$0	$0
547.	Ricky Rubio	$424,672	$424,672	$424,672	$0
548.	Lester Quinones	$424,409	$636,434	$0	$0
549.	Jared Rhoden	$386,995	$636,434	$0	$0
550.	Jaylen Martin	$384,594	$636,434	$0	$0
551.	Zyon Pullin	$379,911	$636,434	$0	$0
552.	Chuma Okeke	$372,949	$2,546,675	$0	$0
553.	Jordan Goodwin	$364,102	$2,349,578	$0	$0
554.	Daishen Nix	$362,356	$0	$0	$0
555.	Isaiah Stevens	$350,668	$0	$0	$0
556.	Emanuel Miller	$344,234	$0	$0	$0
557.	Tosan Evbuomwan	$331,365	$636,434	$0	$0
557.	Elijah Harkless	$331,365	$636,434	$0	$0
559.	Seth Lundy	$328,148	$636,434	$0	$0
560.	RayJ Dennis	$324,931	$636,434	$0	$0
561.	Kylor Kelley	$324,090	$0	$0	$0
562.	Ron Harper Jr	$315,280	$636,434	$0	$0
562.	Tolu Smith	$315,280	$636,434	$0	$0
564.	Keion Brooks	$305,628	$0	$0	$0
565.	DJ Carton	$289,289	$0	$0	$0
565.	Jason Preston	$289,289	$0	$0	$0
567.	Didi Louzada	$268,032	$268,032	$268,032	$268,032
568.	Alex Reese	$250,312	$636,434	$0	$0
569.	AJ Griffin	$250,000	$0	$0	$0
570.	Jackson Rowe	$244,502	$636,434	$0	$0
570.	Alondes Williams	$244,502	$0	$0	$0
572.	DJ Steward	$215,548	$0	$0	$0
573.	Ethan Thompson	$212,331	$636,434	$0	$0
574.	Nae'qwan Tomlin	$204,840	$636,434	$0	$0
575.	Damion Baugh	$196,245	$636,434	$0	$0
576.	Cui Yongxi	$176,943	$0	$0	$0
577.	David Jones	$175,480	$0	$0	$0
578.	Jahmir Young	$173,725	$0	$0	$0
579.	Taran Armstrong	$157,640	$0	$0	$0
580.	Kendall Brown	$154,423	$0	$0	$0
580.	Jalen Crutcher	$154,423	$0	$0	$0
582.	Jahlil Okafor	$150,179	$0	$0	$0
583.	Boo Buie	$143,308	$0	$0	$0
584.	Oshae Brissett	$139,391	$0	$0	$0
585.	Jamaree Bouyea	$135,120	$0	$0	$0
586.	Miles Norris	$131,903	$636,434	$0	$0
586.	Tyson Etienne	$131,903	$0	$0	$0
588.	Braxton Key	$129,415	$0	$0	$0
589.	Killian Hayes	$128,603	$0	$0	$0
589.	Malachi Flynn	$128,603	$0	$0	$0
589.	Skal Labissiere	$128,603	$0	$0	$0
592.	Malevy Leons	$126,356	$0	$0	$0
592.	Marcus Bagley	$126,356	$0	$0	$0
594.	Terry Taylor	$124,288	$0	$0	$0
594.	Eugene Omoruyi	$124,288	$0	$0	$0
596.	Kevon Harris	$119,972	$0	$0	$0
597.	Drew Timme	$113,055	$1,955,377	$0	$0
598.	Marcus Garrett	$107,027	$0	$0	$0
599.	Javon Freeman-Liberty	$100,000	$0	$0	$0
600.	Jaylin Galloway	$77,500	$0	$0	$0
600.	Anzejs Pasecniks	$77,500	$0	$0	$0
600.	Taevion Kinsey	$77,500	$0	$0	$0
603.	Malcolm Hill	$75,000	$0	$0	$0
604.	Jaylen Sims	$73,153	$0	$0	$0
605.	Yuri Collins	$66,503	$0	$0	$0
605.	Phillip Wheeler	$66,503	$0	$0	$0
605.	Erik Stevenson	$66,503	$0	$0	$0
608.	Terence Davis	$64,301	$2,546,675	$0	$0
609.	Javante McCoy	$32,596	$0	$0	$0