1.	Stephen Curry	$51,915,615	$53,458,234
2.	Kevin Durant	$47,649,433	$49,065,286
3.	Joel Embiid	$47,607,350	$49,021,953
3.	LeBron James	$47,607,350	$49,021,953
3.	Nikola Jokic	$47,607,350	$49,021,953
6.	Bradley Beal	$46,741,590	$48,130,468
7.	Damian Lillard	$45,640,084	$46,996,232
7.	Giannis Antetokounmpo	$45,640,084	$46,996,232
7.	Kawhi Leonard	$45,640,084	$46,996,232
7.	Paul George	$45,640,084	$46,996,232
11.	Jimmy Butler	$45,183,960	$46,526,554
12.	Klay Thompson	$43,219,440	$44,503,661
13.	Rudy Gobert	$41,000,000	$42,218,272
14.	Fred VanVleet	$40,806,300	$42,018,817
15.	Anthony Davis	$40,600,080	$41,806,469
16.	Luka Doncic	$40,064,220	$41,254,687
16.	Zach LaVine	$40,064,220	$41,254,687
16.	Trae Young	$40,064,220	$41,254,687
19.	Tobias Harris	$39,270,150	$40,437,022
20.	Kyrie Irving	$38,037,037	$39,167,268
21.	Pascal Siakam	$37,893,408	$39,019,371
21.	Ben Simmons	$37,893,408	$39,019,371
23.	Jrue Holiday	$37,620,347	$38,738,196
24.	Devin Booker	$36,016,200	$37,086,384
24.	Karl-Anthony Towns	$36,016,200	$37,086,384
24.	Kristaps Porzingis	$36,016,200	$37,086,384
27.	CJ McCollum	$35,802,469	$36,866,302
28.	James Harden	$35,680,595	$36,740,807
29.	Zion Williamson	$34,005,250	$35,015,681
29.	Ja Morant	$34,005,250	$35,015,681
29.	Darius Garland	$34,005,250	$35,015,681
32.	Brandon Ingram	$33,833,400	$34,838,724
32.	Jamal Murray	$33,833,400	$34,838,724
34.	Shai Gilgeous-Alexander	$33,386,850	$34,378,905
34.	Michael Porter	$33,386,850	$34,378,905
36.	Gordon Hayward	$33,319,397	$34,309,448
37.	Donovan Mitchell	$33,162,030	$34,147,405
38.	De'Aaron Fox	$32,600,060	$33,568,737
38.	Bam Adebayo	$32,600,060	$33,568,737
38.	Jayson Tatum	$32,600,060	$33,568,737
41.	Deandre Ayton	$32,459,438	$33,423,936
42.	Jaylen Brown	$31,830,357	$32,776,163
43.	Chris Paul	$30,800,000	$31,715,190
44.	Kyle Lowry	$29,682,540	$30,564,525
45.	Khris Middleton	$29,320,988	$30,192,230
46.	Domantas Sabonis	$29,300,000	$30,170,619
47.	DeMar DeRozan	$28,600,000	$29,449,819
48.	Jordan Poole	$27,955,357	$28,786,021
49.	Jerami Grant	$27,586,207	$28,405,902
50.	Jaren Jackson Jr	$27,102,202	$27,907,516
51.	Tyler Herro	$27,000,000	$27,802,277
52.	Julius Randle	$26,943,840	$27,744,448
53.	Jalen Brunson	$26,346,666	$27,129,530
54.	Cameron Johnson	$25,679,348	$26,442,383
55.	Kyle Kuzma	$25,568,182	$26,327,914
56.	John Collins	$25,340,000	$26,092,952
57.	Brook Lopez	$25,000,000	$25,742,849
58.	Mike Conley	$24,360,000	$25,083,832
59.	Andrew Wiggins	$24,330,357	$25,053,308
60.	Anfernee Simons	$24,107,143	$24,823,461
61.	RJ Barrett	$23,883,929	$24,593,615
62.	Jordan Clarkson	$23,487,629	$24,185,539
63.	Terry Rozier	$23,205,221	$23,894,740
64.	Dillon Brooks	$22,627,671	$23,300,028
65.	Malcolm Brogdon	$22,500,000	$23,168,564
66.	Draymond Green	$22,321,429	$22,984,687
67.	Bruce Brown	$22,000,000	$22,653,707
68.	Mikal Bridges	$21,700,000	$22,344,793
69.	Aaron Gordon	$21,266,182	$21,898,084
70.	Myles Turner	$20,975,000	$21,598,250
71.	Clint Capela	$20,616,000	$21,228,583
72.	Lonzo Ball	$20,465,117	$21,073,216
73.	Spencer Dinwiddie	$20,411,797	$21,018,311
74.	De'Andre Hunter	$20,089,286	$20,686,218
75.	Keldon Johnson	$20,000,000	$20,594,279
75.	Bojan Bogdanovic	$20,000,000	$20,594,279
75.	Jarrett Allen	$20,000,000	$20,594,279
78.	Joe Harris	$19,928,571	$20,520,727
79.	Jakob Poeltl	$19,500,000	$20,079,422
80.	Buddy Hield	$19,321,859	$19,895,988
81.	Evan Fournier	$18,857,143	$19,417,463
81.	Derrick White	$18,857,143	$19,417,463
83.	Bogdan Bogdanovic	$18,700,000	$19,255,651
84.	OG Anunoby	$18,642,857	$19,196,810
85.	Marcus Smart	$18,583,713	$19,135,908
86.	Gary Trent Jr	$18,560,000	$19,111,491
87.	Nikola Vucevic	$18,518,519	$19,068,777
88.	Dejounte Murray	$18,214,000	$18,755,210
89.	Duncan Robinson	$18,154,000	$18,693,427
90.	Norman Powell	$18,000,000	$18,534,851
91.	Tim Hardaway Jr	$17,897,728	$18,429,540
92.	Marcus Morris	$17,612,280	$18,135,610
93.	Collin Sexton	$17,525,000	$18,045,737
94.	Jonathan Isaac	$17,400,000	$17,917,023
95.	D'Angelo Russell	$17,307,693	$17,821,973
96.	Lauri Markkanen	$17,259,999	$17,772,862
97.	Harrison Barnes	$17,000,000	$17,505,137
97.	Markelle Fultz	$17,000,000	$17,505,137
97.	Davis Bertans	$17,000,000	$17,505,137
100.	Jusuf Nurkic	$16,875,000	$17,376,423
101.	PJ Washington	$16,847,826	$17,348,441
102.	Kevin Porter	$15,860,000	$16,331,263
103.	Rui Hachimura	$15,740,741	$16,208,460
104.	Mitchell Robinson	$15,681,818	$16,147,787
105.	Kevin Huerter	$15,669,643	$16,135,250
106.	Jonas Valanciunas	$15,435,000	$15,893,635
107.	Caris LeVert	$15,384,616	$15,841,754
108.	Luguentz Dort	$15,277,778	$15,731,741
109.	Luke Kennard	$14,763,636	$15,202,322
110.	Kentavious Caldwell-Pope	$14,704,938	$15,141,880
111.	Max Strus	$14,487,684	$14,918,170
112.	Reggie Bullock	$14,210,528	$14,632,779
113.	Tyus Jones	$14,000,000	$14,415,995
113.	Doug McDermott	$14,000,000	$14,415,995
115.	Dorian Finney-Smith	$13,932,008	$14,345,983
116.	Anthony Edwards	$13,534,817	$13,936,990
117.	Wendell Carter	$13,050,000	$13,437,767
118.	Gary Harris	$13,000,000	$13,386,281
119.	Josh Hart	$12,960,000	$13,345,093
120.	Naz Reid	$12,950,400	$13,335,207
121.	Steven Adams	$12,600,000	$12,974,396
122.	Marvin Bagley	$12,500,000	$12,871,424
122.	Brandon Clarke	$12,500,000	$12,871,424
124.	Grant Williams	$12,405,000	$12,773,601
124.	Dennis Schroeder	$12,405,000	$12,773,601
126.	Daniel Gafford	$12,402,000	$12,770,512
127.	Kelly Olynyk	$12,195,122	$12,557,487
128.	Victor Wembanyama	$12,160,632	$12,521,972
129.	James Wiseman	$12,119,440	$12,479,556
130.	Devonte Graham	$12,100,000	$12,459,539
131.	Richaun Holmes	$12,046,020	$12,403,955
132.	Herb Jones	$12,015,150	$12,372,167
132.	Austin Reaves	$12,015,150	$12,372,167
134.	Chris Boucher	$11,750,000	$12,099,139
135.	Nicolas Batum	$11,710,818	$12,058,792
135.	Bobby Portis	$11,710,818	$12,058,792
137.	Robert Covington	$11,692,308	$12,039,732
138.	Paolo Banchero	$11,608,080	$11,953,002
139.	Robert Williams	$11,571,429	$11,915,262
140.	Coby White	$11,111,111	$11,441,266
141.	Cade Cunningham	$11,055,360	$11,383,858
142.	Talen Horton-Tucker	$11,020,000	$11,347,447
143.	PJ Tucker	$11,014,500	$11,341,784
144.	Joe Ingles	$11,000,000	$11,326,853
144.	Maxi Kleber	$11,000,000	$11,326,853
146.	Ivica Zubac	$10,933,333	$11,258,205
147.	LaMelo Ball	$10,900,635	$11,224,536
148.	Donte DiVincenzo	$10,900,000	$11,223,882
149.	Brandon Miller	$10,880,364	$11,203,662
150.	Terance Mann	$10,576,923	$10,891,205
151.	Matisse Thybulle	$10,500,000	$10,811,996
151.	Gabe Vincent	$10,500,000	$10,811,996
153.	Alec Burks	$10,489,600	$10,801,287
154.	Chet Holmgren	$10,386,000	$10,694,609
155.	Larry Nance Jr	$10,375,000	$10,683,282
156.	Landry Shamet	$10,250,000	$10,554,568
157.	Al Horford	$10,000,000	$10,297,139
158.	Malik Monk	$9,945,830	$10,241,360
159.	Tre Jones	$9,895,833	$10,189,877
160.	Jalen Green	$9,891,480	$10,185,395
161.	Patrick Williams	$9,835,881	$10,128,144
162.	Monte Morris	$9,800,926	$10,092,150
163.	Scoot Henderson	$9,770,904	$10,061,236
164.	Nicolas Claxton	$9,625,000	$9,910,996
165.	Royce O'Neale	$9,500,000	$9,782,282
166.	Alex Caruso	$9,460,000	$9,741,094
167.	Victor Oladipo	$9,450,000	$9,730,797
168.	Pat Connaughton	$9,423,869	$9,703,889
169.	Cameron Payne	$9,391,467	$9,670,523
170.	Jabari Smith	$9,326,520	$9,603,647
171.	Isaiah Hartenstein	$9,245,121	$9,519,830
172.	Kyle Anderson	$9,219,512	$9,493,460
173.	Daniel Theis	$9,108,387	$9,379,032
174.	Thaddeus Young	$9,010,371	$9,278,104
175.	Grayson Allen	$8,925,000	$9,190,197
176.	Isaac Okoro	$8,920,794	$9,185,866
177.	Evan Mobley	$8,882,640	$9,146,578
178.	Amen Thompson	$8,809,284	$9,071,042
179.	Georges Niang	$8,800,000	$9,061,482
180.	Gary Payton II	$8,715,000	$8,973,957
181.	TJ McConnell	$8,700,000	$8,958,511
182.	Keegan Murray	$8,409,000	$8,658,864
183.	Delon Wright	$8,195,122	$8,438,631
184.	Onyeka Okongwu	$8,109,063	$8,350,015
185.	Scottie Barnes	$8,008,680	$8,246,649
186.	Trey Lyles	$8,000,000	$8,237,711
186.	De'Anthony Melton	$8,000,000	$8,237,711
186.	Moritz Wagner	$8,000,000	$8,237,711
186.	Jeff Green	$8,000,000	$8,237,711
186.	Jock Landale	$8,000,000	$8,237,711
191.	Ausar Thompson	$7,977,420	$8,214,460
192.	Miles Bridges	$7,921,300	$8,156,673
193.	Danilo Gallinari	$7,850,062	$8,083,317
194.	Paul Reed	$7,723,000	$7,952,480
194.	Vasilije Micic	$7,723,000	$7,952,480
196.	Zach Collins	$7,700,000	$7,928,797
197.	Jaden Ivey	$7,614,480	$7,840,736
198.	Cody Martin	$7,560,000	$7,784,637
199.	Patrick Mills	$7,537,766	$7,761,742
200.	Kevon Looney	$7,500,000	$7,722,854
201.	Killian Hayes	$7,413,955	$7,634,253
202.	Jalen Suggs	$7,252,080	$7,467,568
203.	Anthony Black	$7,245,480	$7,460,771
204.	Jae'Sean Tate	$7,000,000	$7,207,997
205.	Khem Birch	$6,985,000	$7,192,552
206.	Bennedict Mathurin	$6,916,080	$7,121,584
207.	Obi Toppin	$6,803,012	$7,005,156
208.	Caleb Martin	$6,802,950	$7,005,092
209.	Cedi Osman	$6,718,842	$6,918,485
210.	Bilal Coulibaly	$6,614,256	$6,810,791
211.	Josh Giddey	$6,587,040	$6,782,767
212.	Ayo Dosunmu	$6,481,482	$6,674,072
213.	Rudy Gay	$6,479,000	$6,671,516
214.	Sasha Vezenkov	$6,341,464	$6,529,894
215.	Shaedon Sharpe	$6,313,800	$6,501,408
216.	Otto Porter	$6,300,000	$6,487,198
217.	Deni Avdija	$6,263,188	$6,449,292
218.	Nassir Little	$6,250,000	$6,435,712
219.	Bismack Biyombo	$6,194,075	$6,378,124
220.	Jevon Carter	$6,190,476	$6,374,419
221.	Kenrich Williams	$6,175,000	$6,358,483
222.	Jarace Walker	$6,059,460	$6,239,510
223.	Jonathan Kuminga	$6,012,840	$6,191,505
224.	Devin Vassell	$5,887,899	$6,062,851
225.	Tyrese Haliburton	$5,808,435	$5,981,026
226.	Dyson Daniels	$5,784,120	$5,955,989
227.	Kira Lewis	$5,722,116	$5,892,142
228.	Dean Wade	$5,709,877	$5,879,540
229.	Aaron Nesmith	$5,634,257	$5,801,673
230.	Aleksej Pokusevski	$5,574,809	$5,740,458
231.	Taylor Hendricks	$5,569,872	$5,735,375
232.	Shake Milton	$5,552,938	$5,717,936
233.	JaVale McGee	$5,544,772	$5,709,529
234.	Cole Anthony	$5,539,771	$5,704,379
235.	Franz Wagner	$5,508,720	$5,672,405
236.	Furkan Korkmaz	$5,370,370	$5,529,945
237.	Josh Primo	$5,341,600	$5,500,319
238.	Jeremy Sochan	$5,316,960	$5,474,947
239.	Cason Wallace	$5,291,352	$5,448,579
240.	Isaiah Stewart	$5,266,713	$5,423,207
241.	Chuma Okeke	$5,266,712	$5,423,206
242.	Davion Mitchell	$5,063,640	$5,214,100
243.	Johnny Davis	$5,050,800	$5,200,879
244.	Jalen Smith	$5,043,773	$5,193,643
245.	Jett Howard	$5,026,824	$5,176,190
246.	Mason Plumlee	$5,000,000	$5,148,569
246.	Reggie Jackson	$5,000,000	$5,148,569
248.	Ziaire Williams	$4,810,200	$4,953,130
249.	Ousmane Dieng	$4,798,440	$4,941,020
250.	Taj Gibson	$4,776,302	$4,918,224
251.	Dereck Lively	$4,775,628	$4,917,530
252.	Josh Green	$4,765,339	$4,906,936
253.	Nickeil Alexander-Walker	$4,687,500	$4,826,784
254.	Jarred Vanderbilt	$4,640,000	$4,777,872
255.	James Bouknight	$4,570,080	$4,705,875
256.	Jalen Williams	$4,558,680	$4,694,136
257.	Saddiq Bey	$4,556,983	$4,692,389
258.	Gradey Dick	$4,536,708	$4,671,511
259.	Jalen McDaniels	$4,516,000	$4,650,188
259.	Taurean Prince	$4,516,000	$4,650,188
261.	Precious Achiuwa	$4,379,526	$4,509,659
262.	Tyrese Maxey	$4,343,920	$4,472,995
263.	Jalen Duren	$4,330,680	$4,459,361
264.	Danuel House	$4,310,250	$4,438,324
265.	Jordan Hawkins	$4,310,196	$4,438,269
266.	Mike Muscala	$4,308,297	$4,436,312
267.	Zeke Nnaji	$4,306,281	$4,434,237
268.	Immanuel Quickley	$4,171,548	$4,295,501
269.	Chris Duarte	$4,124,400	$4,246,952
270.	Ochai Agbaji	$4,114,200	$4,236,449
271.	Kobe Bufkin	$4,094,244	$4,215,900
272.	Payton Pritchard	$4,037,277	$4,157,240
273.	Troy Brown	$4,000,000	$4,118,855
273.	Dwight Powell	$4,000,000	$4,118,855
273.	Seth Curry	$4,000,000	$4,118,855
276.	Moses Moody	$3,918,480	$4,034,913
277.	Mark Williams	$3,908,160	$4,024,286
278.	Jaden McDaniels	$3,901,399	$4,017,325
279.	Keyonte George	$3,889,776	$4,005,356
280.	Malachi Flynn	$3,873,024	$3,988,106
281.	Desmond Bane	$3,845,083	$3,959,335
282.	James Johnson	$3,839,412	$3,953,496
283.	Kevin Love	$3,835,738	$3,949,713
283.	Russell Westbrook	$3,835,738	$3,949,713
285.	Ricky Rubio	$3,722,327	$3,832,932
286.	Corey Kispert	$3,722,040	$3,832,636
287.	AJ Griffin	$3,712,920	$3,823,245
288.	Jalen Hood-Schifino	$3,695,076	$3,804,871
289.	Amir Coffey	$3,666,667	$3,775,618
290.	Alperen Sengun	$3,536,280	$3,641,356
291.	Tari Eason	$3,527,160	$3,631,965
292.	Jaime Jaquez	$3,510,540	$3,614,852
293.	Andre Drummond	$3,360,000	$3,459,838
294.	Trey Murphy	$3,359,280	$3,459,097
295.	Brandin Podziemski	$3,352,404	$3,452,017
296.	Dalen Terry	$3,350,760	$3,450,324
297.	Keon Johnson	$3,342,765	$3,442,091
298.	Cameron Whitmore	$3,218,160	$3,313,784
299.	Jake LaRavia	$3,199,920	$3,295,002
300.	Kai Jones	$3,198,778	$3,293,825
301.	Garrett Temple	$3,196,448	$3,291,427
301.	Robin Lopez	$3,196,448	$3,291,427
301.	Alex Len	$3,196,448	$3,291,427
301.	Eric Gordon	$3,196,448	$3,291,427
301.	Cody Zeller	$3,196,448	$3,291,427
301.	Patrick Beverley	$3,196,448	$3,291,427
301.	Jae Crowder	$3,196,448	$3,291,427
301.	Derrick Rose	$3,196,448	$3,291,427
301.	Cory Joseph	$3,196,448	$3,291,427
301.	DeAndre Jordan	$3,196,448	$3,291,427
301.	Justin Holiday	$3,196,448	$3,291,427
301.	Markieff Morris	$3,196,448	$3,291,427
301.	Tristan Thompson	$3,196,448	$3,291,427
301.	Ishmael Smith	$3,196,448	$3,291,427
301.	Wesley Matthews	$3,196,448	$3,291,427
316.	Tre Mann	$3,191,400	$3,286,229
317.	Usman Garuba	$3,159,790	$3,253,679
318.	Noah Clowney	$3,089,460	$3,181,260
319.	Malaki Branham	$3,071,880	$3,163,157
320.	Simone Fontecchio	$3,044,872	$3,135,347
321.	Jordan Nwora	$3,000,000	$3,089,141
321.	Julian Champagnie	$3,000,000	$3,089,141
321.	Dante Exum	$3,000,000	$3,089,141
324.	Dariq Whitehead	$2,966,040	$3,054,172
325.	Christian Braun	$2,949,120	$3,036,750
326.	Jalen Johnson	$2,925,360	$3,012,284
327.	Kelly Oubre	$2,891,467	$2,977,383
327.	Josh Richardson	$2,891,467	$2,977,383
327.	Boban Marjanovic	$2,891,467	$2,977,383
330.	Kris Murray	$2,847,504	$2,932,114
331.	Andrew Nicholson	$2,844,429	$2,928,948
332.	Walker Kessler	$2,831,160	$2,915,285
333.	TyTy Washington	$2,830,222	$2,914,318
334.	Josh Okogie	$2,815,937	$2,899,609
335.	Omer Yurtseven	$2,800,000	$2,883,199
336.	Dewayne Dedmon	$2,748,674	$2,830,348
337.	Olivier-Maxence Prosper	$2,733,720	$2,814,949
338.	Josh Christopher	$2,732,920	$2,814,125
339.	David Roddy	$2,718,240	$2,799,009
340.	Malik Beasley	$2,709,849	$2,790,369
340.	Christian Wood	$2,709,849	$2,790,369
340.	Dario Saric	$2,709,849	$2,790,369
340.	Derrick Jones	$2,709,849	$2,790,369
344.	Chimezie Metu	$2,697,258	$2,777,404
345.	Isaiah Jackson	$2,696,280	$2,776,397
346.	Marcus Sasser	$2,624,028	$2,701,998
347.	MarJon Beauchamp	$2,609,400	$2,686,935
348.	Charles Bassey	$2,600,000	$2,677,256
349.	Damian Jones	$2,586,665	$2,663,525
350.	Kenneth Lofton	$2,586,618	$2,663,474
351.	Kris Dunn	$2,586,484	$2,663,338
352.	Bruno Fernando	$2,581,522	$2,658,229
353.	Jeremiah Robinson-Earl	$2,548,843	$2,624,578
354.	Ben Sheppard	$2,537,172	$2,612,561
355.	Damion Lee	$2,528,233	$2,603,356
355.	Thomas Bryant	$2,528,233	$2,603,356
355.	Ryan Arcidiacono	$2,528,233	$2,603,356
355.	Torrey Craig	$2,528,233	$2,603,356
355.	Frank Ntilikina	$2,528,233	$2,603,356
355.	Dennis Smith	$2,528,233	$2,603,356
361.	Blake Wesley	$2,504,640	$2,579,062
362.	Lamar Stevens	$2,492,354	$2,566,411
363.	Nick Smith	$2,463,912	$2,537,124
364.	Brice Sensabaugh	$2,448,600	$2,521,357
365.	Ty Jerome	$2,439,025	$2,511,498
366.	Julian Strawther	$2,431,044	$2,503,279
367.	Tristan Vukcevic	$2,424,892	$2,496,945
368.	Wendell Moore	$2,421,720	$2,493,678
369.	Jordan McLaughlin	$2,420,000	$2,491,907
370.	Kobe Brown	$2,413,356	$2,485,066
371.	Luke Kornet	$2,413,304	$2,485,012
372.	John Konchar	$2,400,000	$2,471,313
373.	Quentin Grimes	$2,385,720	$2,456,609
374.	Nikola Jovic	$2,352,000	$2,421,887
375.	Drew Eubanks	$2,346,614	$2,416,341
375.	Mo Bamba	$2,346,614	$2,416,341
375.	Thanasis Antetokounmpo	$2,346,614	$2,416,341
375.	Yuta Watanabe	$2,346,614	$2,416,341
375.	Aaron Holiday	$2,346,614	$2,416,341
375.	Keita Bates-Diop	$2,346,614	$2,416,341
375.	Lonnie Walker	$2,346,614	$2,416,341
375.	Sviatoslav Mykhailiuk	$2,346,614	$2,416,341
383.	Patrick Baldwin	$2,337,720	$2,407,182
384.	Harry Giles	$2,306,554	$2,375,090
385.	Bones Hyland	$2,306,400	$2,374,932
386.	Peyton Watson	$2,303,520	$2,371,966
387.	Cam Thomas	$2,240,160	$2,306,724
388.	Vlatko Cancar	$2,234,359	$2,300,750
389.	Vince Williams Jr	$2,232,308	$2,298,638
390.	Jaden Springer	$2,226,240	$2,292,390
391.	Day'Ron Sharpe	$2,210,040	$2,275,709
392.	Jordan Goodwin	$2,208,045	$2,273,654
393.	Santiago Aldama	$2,194,200	$2,259,398
394.	Moses Brown	$2,165,000	$2,229,330
394.	Bol Bol	$2,165,000	$2,229,330
394.	Jaxson Hayes	$2,165,000	$2,229,330
394.	Cam Reddish	$2,165,000	$2,229,330
394.	Oshae Brissett	$2,165,000	$2,229,330
399.	Kevin Knox	$2,144,320	$2,208,036
400.	Andrew Nembhard	$2,131,905	$2,195,252
401.	Luka Samanic	$2,066,585	$2,127,991
401.	Goga Bitadze	$2,066,585	$2,127,991
403.	Matt Ryan	$2,059,782	$2,120,986
404.	Sandro Mamukelashvili	$2,019,706	$2,079,719
404.	Colby Jones	$2,019,706	$2,079,719
404.	Dalano Banton	$2,019,706	$2,079,719
404.	Montrezl Harrell	$2,019,706	$2,079,719
404.	Terry Taylor	$2,019,706	$2,079,719
404.	Trendon Watford	$2,019,706	$2,079,719
410.	Caleb Houstan	$2,000,000	$2,059,427
410.	Jaylin Williams	$2,000,000	$2,059,427
410.	Garrison Mathews	$2,000,000	$2,059,427
413.	Anthony Gill	$1,997,238	$2,056,583
413.	Isaiah Joe	$1,997,238	$2,056,583
413.	Sam Merrill	$1,997,238	$2,056,583
416.	GG Jackson	$1,991,428	$2,050,601
417.	Duop Reath	$1,951,220	$2,009,198
418.	KJ Martin	$1,930,681	$1,988,049
418.	Naji Marshall	$1,930,681	$1,988,049
418.	Xavier Tillman	$1,930,681	$1,988,049
421.	Kessler Edwards	$1,927,896	$1,985,181
421.	Jericho Sims	$1,927,896	$1,985,181
421.	Sam Hauser	$1,927,896	$1,985,181
424.	Haywood Highsmith	$1,902,137	$1,958,657
425.	AJ Green	$1,901,769	$1,958,278
426.	Ryan Rollins	$1,893,589	$1,949,854
427.	Isaiah Livers	$1,836,096	$1,890,653
427.	Aaron Wiggins	$1,836,096	$1,890,653
427.	Miles McBride	$1,836,096	$1,890,653
427.	Jose Alvarado	$1,836,096	$1,890,653
427.	Isaiah Todd	$1,836,096	$1,890,653
427.	BJ Boston	$1,836,096	$1,890,653
427.	JT Thor	$1,836,096	$1,890,653
434.	Jared Butler	$1,809,782	$1,863,557
435.	EJ Liddell	$1,801,769	$1,855,306
435.	Dru Smith	$1,801,769	$1,855,306
435.	Orlando Robinson	$1,801,769	$1,855,306
438.	Leonard Miller	$1,800,000	$1,853,485
439.	Xavier Cooks	$1,719,864	$1,770,967
439.	Christian Koloko	$1,719,864	$1,770,967
439.	Jabari Walker	$1,719,864	$1,770,967
439.	Josh Minott	$1,719,864	$1,770,967
439.	Kennedy Chandler	$1,719,864	$1,770,967
439.	Max Christie	$1,719,864	$1,770,967
439.	Jaden Hardy	$1,719,864	$1,770,967
439.	Bryce McGowens	$1,719,864	$1,770,967
447.	Jalen Pickett	$1,708,143	$1,758,898
448.	Julian Phillips	$1,600,000	$1,647,542
449.	Craig Porter	$1,500,000	$1,544,570
450.	Eugene Omoruyi	$1,459,782	$1,503,157
451.	Ricky Council	$1,414,135	$1,456,154
452.	DaQuan Jeffries	$1,341,538	$1,381,400
453.	Eric Bledsoe	$1,300,000	$1,338,628
454.	Skylar Mays	$1,165,280	$1,199,904
455.	Sidy Cissoko	$1,119,563	$1,152,829
455.	Toumani Camara	$1,119,563	$1,152,829
455.	Rayan Rupert	$1,119,563	$1,152,829
455.	Chris Livingston	$1,119,563	$1,152,829
455.	Andre Jackson Jr	$1,119,563	$1,152,829
455.	Maxwell Lewis	$1,119,563	$1,152,829
455.	Trayce Jackson-Davis	$1,119,563	$1,152,829
455.	Hunter Tyson	$1,119,563	$1,152,829
455.	Jordan Walsh	$1,119,563	$1,152,829
455.	Mouhamed Gueye	$1,119,563	$1,152,829
465.	Dylan Windler	$1,116,288	$1,149,455
466.	Trent Forrest	$1,112,933	$1,146,002
467.	Lester Quinones	$1,108,597	$1,141,537
468.	Kendall Brown	$1,100,000	$1,132,685
469.	Stanley Umude	$1,098,242	$1,130,875
470.	Gui Santos	$1,029,483	$1,060,073
471.	Dominick Barlow	$1,015,402	$1,045,573
472.	AJ Lawson	$1,000,000	$1,029,713
473.	Ishmail Wainright	$988,269	$1,017,633
474.	Neemias Queta	$891,035	$917,510
475.	Jalen Wilson	$850,000	$875,256
476.	Javon Freeman-Liberty	$849,324	$874,560
477.	Lindy Waters III	$766,095	$788,858
478.	Jacob Toppin	$759,245	$781,805
479.	Mamadi Diakite	$710,574	$731,687
480.	Jack White	$703,550	$724,454
481.	Nik Stauskas	$702,311	$723,179
482.	Jacob Gilyard	$701,336	$722,175
483.	Luka Garza	$687,465	$707,892
484.	Keon Ellis	$683,430	$703,737
485.	RJ Hampton	$680,032	$700,238
486.	TJ Warren	$649,659	$668,962
487.	Darius Bazley	$624,425	$642,978
488.	Juwan Morgan	$576,230	$593,352
489.	Micah Potter	$559,782	$576,415
489.	Johnny Juzang	$559,782	$576,415
489.	Markquis Nowell	$559,782	$576,415
489.	Filip Petrusev	$559,782	$576,415
489.	Jordan Ford	$559,782	$576,415
489.	Jalen Slawson	$559,782	$576,415
489.	Justin Minaya	$559,782	$576,415
489.	Theo Maledon	$559,782	$576,415
489.	Udoka Azubuike	$559,782	$576,415
489.	Saben Lee	$559,782	$576,415
489.	Terquavion Smith	$559,782	$576,415
489.	Admiral Schofield	$559,782	$576,415
489.	Trevelin Queen	$559,782	$576,415
489.	Kevon Harris	$559,782	$576,415
489.	Olivier Sarr	$559,782	$576,415
489.	Keyontae Johnson	$559,782	$576,415
489.	Charlie Brown	$559,782	$576,415
489.	Dereon Seabron	$559,782	$576,415
489.	Daishen Nix	$559,782	$576,415
489.	Jaylen Clark	$559,782	$576,415
489.	Jamal Cain	$559,782	$576,415
489.	Cole Swider	$559,782	$576,415
489.	Colin Castleton	$559,782	$576,415
489.	Jordan Miller	$559,782	$576,415
489.	Moussa Diabate	$559,782	$576,415
489.	Oscar Tshiebwe	$559,782	$576,415
489.	Isaiah Wong	$559,782	$576,415
489.	Nate Williams	$559,782	$576,415
489.	Nate Hinton	$559,782	$576,415
489.	Jermaine Samuels	$559,782	$576,415
489.	Jerome Robinson	$559,782	$576,415
489.	Malcolm Cazalon	$559,782	$576,415
489.	Jared Rhoden	$559,782	$576,415
489.	Jay Huff	$559,782	$576,415
489.	Braxton Key	$559,782	$576,415
489.	Collin Gillespie	$559,782	$576,415
489.	Greg Brown	$559,782	$576,415
489.	Emoni Bates	$559,782	$576,415
489.	Isaiah Mobley	$559,782	$576,415
489.	Adama Sanogo	$559,782	$576,415
489.	Leaky Black	$559,782	$576,415
489.	Amari Bailey	$559,782	$576,415
489.	JD Davison	$559,782	$576,415
489.	Seth Lundy	$559,782	$576,415
533.	Malik Fitts	$555,217	$571,714
534.	Marques Bolden	$502,131	$517,051
535.	Onuralp Bitim	$500,000	$514,856
536.	Xavier Moon	$489,005	$503,535
537.	Isaiah Thomas	$477,630	$491,822
538.	Ibou Badji	$466,485	$480,346
539.	Juan Toscano-Anderson	$447,931	$461,240
540.	Duane Washington Jr	$443,965	$457,156
541.	Jules Bernard	$415,011	$427,342
542.	Jontay Porter	$411,794	$424,030
543.	Jaylen Nowell	$398,160	$409,990
544.	David Duke	$395,708	$407,466
544.	Nathan Mensah	$395,708	$407,466
544.	Drew Peterson	$395,708	$407,466
547.	Henri Drell	$389,274	$400,840
548.	Alex Fudge	$376,405	$387,588
549.	Vit Krejci	$369,971	$380,964
550.	Brandon Williams	$350,668	$361,087
551.	Trey Jemison	$341,017	$351,149
552.	Jason Preston	$315,280	$324,648
553.	Nerlens Noel	$300,000	$308,914
554.	Tosan Evbuomwan	$295,977	$304,770
555.	Scottie Pippen Jr	$289,542	$298,145
556.	Malcolm Hill	$286,583	$295,098
557.	Ashton Hagans	$270,841	$278,888
558.	Jeff Dowtin	$269,237	$277,237
559.	Didi Louzada	$268,032	$275,996
560.	Javonte Green	$261,293	$269,057
561.	Justin Champagnie	$254,412	$261,971
562.	Jaylen Martin	$249,766	$257,187
563.	Pete Nance	$244,503	$251,768
564.	Lindell Wigginton	$244,502	$251,767
565.	D'Moi Hodge	$241,285	$248,454
565.	Armoni Brooks	$241,285	$248,454
567.	Jahmi'us Ramsey	$232,150	$239,048
568.	Charles Bediako	$215,548	$221,952
569.	Mason Jones	$212,331	$218,640
569.	Alondes Williams	$212,331	$218,640
569.	Dexter Dennis	$212,331	$218,640
572.	Zavier Simpson	$207,100	$213,253
572.	DeJon Jarreau	$207,100	$213,253
574.	DJ Carton	$205,897	$212,015
574.	Adam Flagler	$205,897	$212,015
576.	Danny Green	$202,074	$208,078
577.	Mouhamadou Gueye	$199,463	$205,389
578.	Ja'Vonte Smart	$196,245	$202,076
579.	Miles Norris	$193,028	$198,763
580.	Justin Lewis	$173,725	$178,887
581.	Jamaree Bouyea	$170,801	$175,876
582.	Pat Spencer	$170,508	$175,574
583.	Sir'Jabari Rice	$167,291	$172,261
583.	Buddy Boeheim	$167,291	$172,261
585.	Justise Winslow	$166,176	$171,113
586.	Andrew Funk	$160,857	$165,636
586.	Nathan Knight	$160,857	$165,636
588.	John Butler	$147,988	$152,385
588.	Ron Harper Jr	$147,988	$152,385
590.	Justin Jackson	$145,301	$149,618
590.	Shaquille Harrison	$145,301	$149,618
592.	RaiQuan Gray	$141,554	$145,760
592.	Jaylin Galloway	$141,554	$145,760
594.	Quenton Jackson	$135,120	$139,134
595.	Hamidou Diallo	$134,863	$138,870
595.	DJ Wilson	$134,863	$138,870
597.	Matthew Hurt	$128,686	$132,509
598.	Maozinha Pereira	$128,685	$132,508
599.	Wenyen Gabriel	$124,425	$128,122
600.	Kobi Simmons	$120,250	$123,823
601.	Zhaire Smith	$116,075	$119,524
602.	Sharife Cooper	$103,550	$106,626
603.	Demetrius Jackson	$92,857	$95,616
604.	Malik Williams	$77,212	$79,506
605.	Omari Moore	$75,000	$77,228
606.	Taze Moore	$70,687	$72,787
607.	Taevion Kinsey	$64,343	$66,254
607.	Izaiah Brockington	$64,343	$66,254
607.	Jalen Crutcher	$64,343	$66,254
607.	Timmy Allen	$64,343	$66,254
611.	Edmond Sumner	$40,459	$41,661
612.	Kaiser Gates	$35,389	$36,440